amdgpu0,0,blur,blur_ver,1.678819,default
amdgpu0,0,blur,blur_hor,1.591626,default
amdgpu0,1,blur,blur_ver,1.677394,default
amdgpu0,1,blur,blur_hor,1.591517,default
amdgpu0,2,blur,blur_ver,1.678781,default
amdgpu0,2,blur,blur_hor,1.595388,default
amdgpu0,3,blur,blur_ver,1.678227,default
amdgpu0,3,blur,blur_hor,1.591089,default
amdgpu0,4,blur,blur_ver,1.677997,default
amdgpu0,4,blur,blur_hor,1.591808,default
amdgpu0,0,mandelbrot,mandelGPU,0.740269,default
amdgpu0,1,mandelbrot,mandelGPU,0.739557,default
amdgpu0,2,mandelbrot,mandelGPU,0.740727,default
amdgpu0,3,mandelbrot,mandelGPU,0.735705,default
amdgpu0,4,mandelbrot,mandelGPU,0.746769,default
amdgpu0,0,mbdemo,mandelbrot,3.21861,default
amdgpu0,1,mbdemo,mandelbrot,3.207394,default
amdgpu0,2,mbdemo,mandelbrot,3.254967,default
amdgpu0,3,mbdemo,mandelbrot,3.231203,default
amdgpu0,4,mbdemo,mandelbrot,3.224889,default
amdgpu0,0,mmul,fmma,0.874802,default
amdgpu0,1,mmul,fmma,0.873506,default
amdgpu0,2,mmul,fmma,0.87386,default
amdgpu0,3,mmul,fmma,0.873348,default
amdgpu0,4,mmul,fmma,0.873303,default
amdgpu0,0,nas-sp,error_norm,0.000614,default
amdgpu0,0,nas-sp,compute_rhs4,0.033562,default
amdgpu0,0,nas-sp,ninvr,0.007571,default
amdgpu0,0,nas-sp,initialize2,0.00069,default
amdgpu0,0,nas-sp,add,0.00832600000000001,default
amdgpu0,0,nas-sp,tzetar,0.009472,default
amdgpu0,0,nas-sp,exact_rhs5,0.000382,default
amdgpu0,0,nas-sp,compute_rhs3,0.026438,default
amdgpu0,0,nas-sp,z_solve,0.044472,default
amdgpu0,0,nas-sp,x_solve,0.04399,default
amdgpu0,0,nas-sp,txinvr,0.007938,default
amdgpu0,0,nas-sp,initialize4,0.000713,default
amdgpu0,0,nas-sp,rhs_norm,0.000519,default
amdgpu0,0,nas-sp,exact_rhs3,0.000836,default
amdgpu0,0,nas-sp,compute_rhs5,0.033709,default
amdgpu0,0,nas-sp,exact_rhs2,0.002408,default
amdgpu0,0,nas-sp,initialize3,0.00524,default
amdgpu0,0,nas-sp,compute_rhs2,0.015087,default
amdgpu0,0,nas-sp,compute_rhs6,0.008444,default
amdgpu0,0,nas-sp,y_solve,0.047075,default
amdgpu0,0,nas-sp,exact_rhs1,0.00042,default
amdgpu0,0,nas-sp,pinvr,0.013719,default
amdgpu0,0,nas-sp,exact_rhs4,0.000742,default
amdgpu0,0,nas-sp,compute_rhs1,0.012681,default
amdgpu0,0,nas-sp,initialize5,0.000772,default
amdgpu0,0,nas-sp,initialize1,0.000512,default
amdgpu0,1,nas-sp,error_norm,0.012389,default
amdgpu0,1,nas-sp,compute_rhs4,0.046289,default
amdgpu0,1,nas-sp,ninvr,0.015955,default
amdgpu0,1,nas-sp,initialize2,0.000654,default
amdgpu0,1,nas-sp,add,0.010773,default
amdgpu0,1,nas-sp,tzetar,0.010705,default
amdgpu0,1,nas-sp,exact_rhs5,0.001045,default
amdgpu0,1,nas-sp,compute_rhs3,0.032227,default
amdgpu0,1,nas-sp,z_solve,0.04816,default
amdgpu0,1,nas-sp,x_solve,0.046935,default
amdgpu0,1,nas-sp,txinvr,0.013384,default
amdgpu0,1,nas-sp,initialize4,0.000606,default
amdgpu0,1,nas-sp,rhs_norm,0.000529,default
amdgpu0,1,nas-sp,exact_rhs3,0.005374,default
amdgpu0,1,nas-sp,compute_rhs5,0.028492,default
amdgpu0,1,nas-sp,exact_rhs2,0.000782,default
amdgpu0,1,nas-sp,initialize3,0.000821,default
amdgpu0,1,nas-sp,compute_rhs2,0.007699,default
amdgpu0,1,nas-sp,compute_rhs6,0.008798,default
amdgpu0,1,nas-sp,y_solve,0.044187,default
amdgpu0,1,nas-sp,exact_rhs1,0.000478,default
amdgpu0,1,nas-sp,pinvr,0.015254,default
amdgpu0,1,nas-sp,exact_rhs4,0.00071,default
amdgpu0,1,nas-sp,compute_rhs1,0.008291,default
amdgpu0,1,nas-sp,initialize5,0.000732,default
amdgpu0,1,nas-sp,initialize1,0.000725,default
amdgpu0,2,nas-sp,error_norm,0.000987,default
amdgpu0,2,nas-sp,compute_rhs4,0.030484,default
amdgpu0,2,nas-sp,ninvr,0.008182,default
amdgpu0,2,nas-sp,initialize2,0.000602,default
amdgpu0,2,nas-sp,add,0.00850599999999999,default
amdgpu0,2,nas-sp,tzetar,0.013148,default
amdgpu0,2,nas-sp,exact_rhs5,0.000516,default
amdgpu0,2,nas-sp,compute_rhs3,0.027148,default
amdgpu0,2,nas-sp,z_solve,0.049351,default
amdgpu0,2,nas-sp,x_solve,0.049417,default
amdgpu0,2,nas-sp,txinvr,0.011133,default
amdgpu0,2,nas-sp,initialize4,0.000764,default
amdgpu0,2,nas-sp,rhs_norm,0.000644,default
amdgpu0,2,nas-sp,exact_rhs3,0.004512,default
amdgpu0,2,nas-sp,compute_rhs5,0.034567,default
amdgpu0,2,nas-sp,exact_rhs2,0.000965,default
amdgpu0,2,nas-sp,initialize3,0.000805,default
amdgpu0,2,nas-sp,compute_rhs2,0.013179,default
amdgpu0,2,nas-sp,compute_rhs6,0.00863600000000001,default
amdgpu0,2,nas-sp,y_solve,0.04736,default
amdgpu0,2,nas-sp,exact_rhs1,0.000833,default
amdgpu0,2,nas-sp,pinvr,0.013448,default
amdgpu0,2,nas-sp,exact_rhs4,0.000955,default
amdgpu0,2,nas-sp,compute_rhs1,0.01964,default
amdgpu0,2,nas-sp,initialize5,0.000676,default
amdgpu0,2,nas-sp,initialize1,0.000507,default
amdgpu0,3,nas-sp,error_norm,0.000652,default
amdgpu0,3,nas-sp,compute_rhs4,0.02954,default
amdgpu0,3,nas-sp,ninvr,0.015039,default
amdgpu0,3,nas-sp,initialize2,0.000589,default
amdgpu0,3,nas-sp,add,0.014279,default
amdgpu0,3,nas-sp,tzetar,0.008421,default
amdgpu0,3,nas-sp,exact_rhs5,0.000341,default
amdgpu0,3,nas-sp,compute_rhs3,0.039082,default
amdgpu0,3,nas-sp,z_solve,0.04984,default
amdgpu0,3,nas-sp,x_solve,0.052504,default
amdgpu0,3,nas-sp,txinvr,0.019587,default
amdgpu0,3,nas-sp,initialize4,0.003475,default
amdgpu0,3,nas-sp,rhs_norm,0.00051,default
amdgpu0,3,nas-sp,exact_rhs3,0.000727,default
amdgpu0,3,nas-sp,compute_rhs5,0.031112,default
amdgpu0,3,nas-sp,exact_rhs2,0.000808,default
amdgpu0,3,nas-sp,initialize3,0.000782,default
amdgpu0,3,nas-sp,compute_rhs2,0.008975,default
amdgpu0,3,nas-sp,compute_rhs6,0.009083,default
amdgpu0,3,nas-sp,y_solve,0.044402,default
amdgpu0,3,nas-sp,exact_rhs1,0.002916,default
amdgpu0,3,nas-sp,pinvr,0.007411,default
amdgpu0,3,nas-sp,exact_rhs4,0.005482,default
amdgpu0,3,nas-sp,compute_rhs1,0.011517,default
amdgpu0,3,nas-sp,initialize5,0.000765,default
amdgpu0,3,nas-sp,initialize1,0.00047,default
amdgpu0,4,nas-sp,error_norm,0.000731,default
amdgpu0,4,nas-sp,compute_rhs4,0.031902,default
amdgpu0,4,nas-sp,ninvr,0.010605,default
amdgpu0,4,nas-sp,initialize2,0.003999,default
amdgpu0,4,nas-sp,add,0.012289,default
amdgpu0,4,nas-sp,tzetar,0.008659,default
amdgpu0,4,nas-sp,exact_rhs5,0.000603,default
amdgpu0,4,nas-sp,compute_rhs3,0.030493,default
amdgpu0,4,nas-sp,z_solve,0.042798,default
amdgpu0,4,nas-sp,x_solve,0.041735,default
amdgpu0,4,nas-sp,txinvr,0.008401,default
amdgpu0,4,nas-sp,initialize4,0.000666,default
amdgpu0,4,nas-sp,rhs_norm,0.000493,default
amdgpu0,4,nas-sp,exact_rhs3,0.000784,default
amdgpu0,4,nas-sp,compute_rhs5,0.032169,default
amdgpu0,4,nas-sp,exact_rhs2,0.003538,default
amdgpu0,4,nas-sp,initialize3,0.000884,default
amdgpu0,4,nas-sp,compute_rhs2,0.014888,default
amdgpu0,4,nas-sp,compute_rhs6,0.007862,default
amdgpu0,4,nas-sp,y_solve,0.043115,default
amdgpu0,4,nas-sp,exact_rhs1,0.00067,default
amdgpu0,4,nas-sp,pinvr,0.012193,default
amdgpu0,4,nas-sp,exact_rhs4,0.003902,default
amdgpu0,4,nas-sp,compute_rhs1,0.008089,default
amdgpu0,4,nas-sp,initialize5,0.000733,default
amdgpu0,4,nas-sp,initialize1,0.000586,default
amdgpu0,0,nas-cg,conj_grad_6,0.027317,default
amdgpu0,0,nas-cg,main_0,0.001126,default
amdgpu0,0,nas-cg,makea_1,0.11368,default
amdgpu0,0,nas-cg,conj_grad_1,0.001854,default
amdgpu0,0,nas-cg,conj_grad_0,0.00176,default
amdgpu0,0,nas-cg,makea_2,0.00083,default
amdgpu0,0,nas-cg,conj_grad_3,0.07733,default
amdgpu0,0,nas-cg,makea_0,0.895503,default
amdgpu0,0,nas-cg,makea_6,0.007468,default
amdgpu0,0,nas-cg,main_3,0.002104,default
amdgpu0,0,nas-cg,conj_grad_7,0.001837,default
amdgpu0,0,nas-cg,init_mem_0,0.000709,default
amdgpu0,0,nas-cg,main_2,0.000446,default
amdgpu0,0,nas-cg,main_4,0.001512,default
amdgpu0,0,nas-cg,makea_5,0.000832,default
amdgpu0,0,nas-cg,conj_grad_5,0.041111,default
amdgpu0,0,nas-cg,makea_4,0.00046,default
amdgpu0,0,nas-cg,conj_grad_4,0.0702809999999999,default
amdgpu0,0,nas-cg,makea_7,0.000731,default
amdgpu0,0,nas-cg,makea_3,4.325754,default
amdgpu0,0,nas-cg,main_1,0.000452,default
amdgpu0,0,nas-cg,conj_grad_2,0.496145,default
amdgpu0,0,nas-cg,init_mem_1,0.004745,default
amdgpu0,1,nas-cg,conj_grad_6,0.018686,default
amdgpu0,1,nas-cg,main_0,0.001143,default
amdgpu0,1,nas-cg,makea_1,0.113228,default
amdgpu0,1,nas-cg,conj_grad_1,0.00427,default
amdgpu0,1,nas-cg,conj_grad_0,0.005348,default
amdgpu0,1,nas-cg,makea_2,0.001005,default
amdgpu0,1,nas-cg,conj_grad_3,0.053279,default
amdgpu0,1,nas-cg,makea_0,0.894489,default
amdgpu0,1,nas-cg,makea_6,0.007286,default
amdgpu0,1,nas-cg,main_3,0.001757,default
amdgpu0,1,nas-cg,conj_grad_7,0.009601,default
amdgpu0,1,nas-cg,init_mem_0,0.007109,default
amdgpu0,1,nas-cg,main_2,0.000391,default
amdgpu0,1,nas-cg,main_4,0.004564,default
amdgpu0,1,nas-cg,makea_5,0.000819,default
amdgpu0,1,nas-cg,conj_grad_5,0.037975,default
amdgpu0,1,nas-cg,makea_4,0.000651,default
amdgpu0,1,nas-cg,conj_grad_4,0.054732,default
amdgpu0,1,nas-cg,makea_7,0.000504,default
amdgpu0,1,nas-cg,makea_3,4.326025,default
amdgpu0,1,nas-cg,main_1,0.000455,default
amdgpu0,1,nas-cg,conj_grad_2,0.522538,default
amdgpu0,1,nas-cg,init_mem_1,0.001878,default
amdgpu0,2,nas-cg,conj_grad_6,0.028086,default
amdgpu0,2,nas-cg,main_0,0.00114,default
amdgpu0,2,nas-cg,makea_1,0.113103,default
amdgpu0,2,nas-cg,conj_grad_1,0.001818,default
amdgpu0,2,nas-cg,conj_grad_0,0.002114,default
amdgpu0,2,nas-cg,makea_2,0.001096,default
amdgpu0,2,nas-cg,conj_grad_3,0.079498,default
amdgpu0,2,nas-cg,makea_0,0.896769,default
amdgpu0,2,nas-cg,makea_6,0.010969,default
amdgpu0,2,nas-cg,main_3,0.001851,default
amdgpu0,2,nas-cg,conj_grad_7,0.002009,default
amdgpu0,2,nas-cg,init_mem_0,0.000795,default
amdgpu0,2,nas-cg,main_2,0.000316,default
amdgpu0,2,nas-cg,main_4,0.001486,default
amdgpu0,2,nas-cg,makea_5,0.000833,default
amdgpu0,2,nas-cg,conj_grad_5,0.048263,default
amdgpu0,2,nas-cg,makea_4,0.000408,default
amdgpu0,2,nas-cg,conj_grad_4,0.085161,default
amdgpu0,2,nas-cg,makea_7,0.000354,default
amdgpu0,2,nas-cg,makea_3,4.325415,default
amdgpu0,2,nas-cg,main_1,0.000768,default
amdgpu0,2,nas-cg,conj_grad_2,0.526644,default
amdgpu0,2,nas-cg,init_mem_1,0.00208,default
amdgpu0,3,nas-cg,conj_grad_6,0.018034,default
amdgpu0,3,nas-cg,main_0,0.001537,default
amdgpu0,3,nas-cg,makea_1,0.113071,default
amdgpu0,3,nas-cg,conj_grad_1,0.001978,default
amdgpu0,3,nas-cg,conj_grad_0,0.001807,default
amdgpu0,3,nas-cg,makea_2,0.000894,default
amdgpu0,3,nas-cg,conj_grad_3,0.076959,default
amdgpu0,3,nas-cg,makea_0,0.894309,default
amdgpu0,3,nas-cg,makea_6,0.007174,default
amdgpu0,3,nas-cg,main_3,0.001805,default
amdgpu0,3,nas-cg,conj_grad_7,0.002041,default
amdgpu0,3,nas-cg,init_mem_0,0.002939,default
amdgpu0,3,nas-cg,main_2,0.000343,default
amdgpu0,3,nas-cg,main_4,0.006143,default
amdgpu0,3,nas-cg,makea_5,0.001024,default
amdgpu0,3,nas-cg,conj_grad_5,0.0574649999999999,default
amdgpu0,3,nas-cg,makea_4,0.003252,default
amdgpu0,3,nas-cg,conj_grad_4,0.070065,default
amdgpu0,3,nas-cg,makea_7,0.000368,default
amdgpu0,3,nas-cg,makea_3,4.326056,default
amdgpu0,3,nas-cg,main_1,0.007574,default
amdgpu0,3,nas-cg,conj_grad_2,0.511331,default
amdgpu0,3,nas-cg,init_mem_1,0.007908,default
amdgpu0,4,nas-cg,conj_grad_6,0.025458,default
amdgpu0,4,nas-cg,main_0,0.001152,default
amdgpu0,4,nas-cg,makea_1,0.11332,default
amdgpu0,4,nas-cg,conj_grad_1,0.001542,default
amdgpu0,4,nas-cg,conj_grad_0,0.003376,default
amdgpu0,4,nas-cg,makea_2,0.000865,default
amdgpu0,4,nas-cg,conj_grad_3,0.060294,default
amdgpu0,4,nas-cg,makea_0,0.896666,default
amdgpu0,4,nas-cg,makea_6,0.007213,default
amdgpu0,4,nas-cg,main_3,0.00184,default
amdgpu0,4,nas-cg,conj_grad_7,0.001776,default
amdgpu0,4,nas-cg,init_mem_0,0.00084,default
amdgpu0,4,nas-cg,main_2,0.000423,default
amdgpu0,4,nas-cg,main_4,0.003159,default
amdgpu0,4,nas-cg,makea_5,0.000991,default
amdgpu0,4,nas-cg,conj_grad_5,0.043787,default
amdgpu0,4,nas-cg,makea_4,0.000589,default
amdgpu0,4,nas-cg,conj_grad_4,0.046228,default
amdgpu0,4,nas-cg,makea_7,0.000371,default
amdgpu0,4,nas-cg,makea_3,4.326596,default
amdgpu0,4,nas-cg,main_1,0.000438,default
amdgpu0,4,nas-cg,conj_grad_2,0.516065000000001,default
amdgpu0,4,nas-cg,init_mem_1,0.008488,default
amdgpu0,0,nv-bs,BlackScholes,0.103141,default
amdgpu0,1,nv-bs,BlackScholes,0.086757,default
amdgpu0,2,nv-bs,BlackScholes,0.07698,default
amdgpu0,3,nv-bs,BlackScholes,0.086405,default
amdgpu0,4,nv-bs,BlackScholes,0.077213,default
amdgpu0,0,nv-dct,DCT8x8,0.06147,default
amdgpu0,1,nv-dct,DCT8x8,0.0634,default
amdgpu0,2,nv-dct,DCT8x8,0.064928,default
amdgpu0,3,nv-dct,DCT8x8,0.071608,default
amdgpu0,4,nv-dct,DCT8x8,0.064302,default
amdgpu0,0,nv-fdtd,FiniteDifferences,0.070056,default
amdgpu0,1,nv-fdtd,FiniteDifferences,0.064024,default
amdgpu0,2,nv-fdtd,FiniteDifferences,0.06226,default
amdgpu0,3,nv-fdtd,FiniteDifferences,0.067609,default
amdgpu0,4,nv-fdtd,FiniteDifferences,0.062065,default
amdgpu0,0,particlefilter,find_index_kernel,4.346328,default
amdgpu0,0,particlefilter,normalize_weights_kernel,3.447344,default
amdgpu0,0,particlefilter,likelihood_kernel,0.632664,default
amdgpu0,0,particlefilter,sum_kernel,0.010017,default
amdgpu0,1,particlefilter,find_index_kernel,4.393962,default
amdgpu0,1,particlefilter,normalize_weights_kernel,3.442866,default
amdgpu0,1,particlefilter,likelihood_kernel,0.55625,default
amdgpu0,1,particlefilter,sum_kernel,0.01073,default
amdgpu0,2,particlefilter,find_index_kernel,4.385563,default
amdgpu0,2,particlefilter,normalize_weights_kernel,3.443444,default
amdgpu0,2,particlefilter,likelihood_kernel,0.57255,default
amdgpu0,2,particlefilter,sum_kernel,0.007927,default
amdgpu0,3,particlefilter,find_index_kernel,4.384808,default
amdgpu0,3,particlefilter,normalize_weights_kernel,3.444244,default
amdgpu0,3,particlefilter,likelihood_kernel,0.549013,default
amdgpu0,3,particlefilter,sum_kernel,0.007858,default
amdgpu0,4,particlefilter,find_index_kernel,4.387304,default
amdgpu0,4,particlefilter,normalize_weights_kernel,3.448529,default
amdgpu0,4,particlefilter,likelihood_kernel,0.567175,default
amdgpu0,4,particlefilter,sum_kernel,0.017045,default
amdgpu1,0,blur,blur_ver,1.677343,default-unroll
amdgpu1,0,blur,blur_hor,1.591598,default-unroll
amdgpu1,1,blur,blur_ver,1.678204,default-unroll
amdgpu1,1,blur,blur_hor,1.591673,default-unroll
amdgpu1,2,blur,blur_ver,1.678132,default-unroll
amdgpu1,2,blur,blur_hor,1.59165,default-unroll
amdgpu1,3,blur,blur_ver,1.678758,default-unroll
amdgpu1,3,blur,blur_hor,1.591497,default-unroll
amdgpu1,4,blur,blur_ver,1.6794,default-unroll
amdgpu1,4,blur,blur_hor,1.591828,default-unroll
amdgpu1,0,mandelbrot,mandelGPU,0.849592,default-unroll
amdgpu1,1,mandelbrot,mandelGPU,0.73634,default-unroll
amdgpu1,2,mandelbrot,mandelGPU,0.739965,default-unroll
amdgpu1,3,mandelbrot,mandelGPU,0.737839,default-unroll
amdgpu1,4,mandelbrot,mandelGPU,0.740976,default-unroll
amdgpu1,0,mbdemo,mandelbrot,3.236394,default-unroll
amdgpu1,1,mbdemo,mandelbrot,3.215391,default-unroll
amdgpu1,2,mbdemo,mandelbrot,3.219026,default-unroll
amdgpu1,3,mbdemo,mandelbrot,3.23369,default-unroll
amdgpu1,4,mbdemo,mandelbrot,3.22313,default-unroll
amdgpu1,0,mmul,fmma,0.874012,default-unroll
amdgpu1,1,mmul,fmma,0.877155,default-unroll
amdgpu1,2,mmul,fmma,0.873391,default-unroll
amdgpu1,3,mmul,fmma,0.873176,default-unroll
amdgpu1,4,mmul,fmma,0.874855,default-unroll
amdgpu1,0,nas-sp,error_norm,0.000707,default-unroll
amdgpu1,0,nas-sp,compute_rhs4,0.031726,default-unroll
amdgpu1,0,nas-sp,ninvr,0.007955,default-unroll
amdgpu1,0,nas-sp,initialize2,0.000619,default-unroll
amdgpu1,0,nas-sp,add,0.008741,default-unroll
amdgpu1,0,nas-sp,tzetar,0.010078,default-unroll
amdgpu1,0,nas-sp,exact_rhs5,0.000427,default-unroll
amdgpu1,0,nas-sp,compute_rhs3,0.031707,default-unroll
amdgpu1,0,nas-sp,z_solve,0.043577,default-unroll
amdgpu1,0,nas-sp,x_solve,0.049611,default-unroll
amdgpu1,0,nas-sp,txinvr,0.010385,default-unroll
amdgpu1,0,nas-sp,initialize4,0.000762,default-unroll
amdgpu1,0,nas-sp,rhs_norm,0.00051,default-unroll
amdgpu1,0,nas-sp,exact_rhs3,0.000798,default-unroll
amdgpu1,0,nas-sp,compute_rhs5,0.041119,default-unroll
amdgpu1,0,nas-sp,exact_rhs2,0.000951,default-unroll
amdgpu1,0,nas-sp,initialize3,0.011157,default-unroll
amdgpu1,0,nas-sp,compute_rhs2,0.018379,default-unroll
amdgpu1,0,nas-sp,compute_rhs6,0.009121,default-unroll
amdgpu1,0,nas-sp,y_solve,0.041537,default-unroll
amdgpu1,0,nas-sp,exact_rhs1,0.000482,default-unroll
amdgpu1,0,nas-sp,pinvr,0.007432,default-unroll
amdgpu1,0,nas-sp,exact_rhs4,0.000751,default-unroll
amdgpu1,0,nas-sp,compute_rhs1,0.008502,default-unroll
amdgpu1,0,nas-sp,initialize5,0.000688,default-unroll
amdgpu1,0,nas-sp,initialize1,0.000738,default-unroll
amdgpu1,1,nas-sp,error_norm,0.000651,default-unroll
amdgpu1,1,nas-sp,compute_rhs4,0.042207,default-unroll
amdgpu1,1,nas-sp,ninvr,0.007392,default-unroll
amdgpu1,1,nas-sp,initialize2,0.000681,default-unroll
amdgpu1,1,nas-sp,add,0.0081,default-unroll
amdgpu1,1,nas-sp,tzetar,0.010053,default-unroll
amdgpu1,1,nas-sp,exact_rhs5,0.000549,default-unroll
amdgpu1,1,nas-sp,compute_rhs3,0.027606,default-unroll
amdgpu1,1,nas-sp,z_solve,0.040887,default-unroll
amdgpu1,1,nas-sp,x_solve,0.043552,default-unroll
amdgpu1,1,nas-sp,txinvr,0.007712,default-unroll
amdgpu1,1,nas-sp,initialize4,0.00066,default-unroll
amdgpu1,1,nas-sp,rhs_norm,0.000498,default-unroll
amdgpu1,1,nas-sp,exact_rhs3,0.000751,default-unroll
amdgpu1,1,nas-sp,compute_rhs5,0.025387,default-unroll
amdgpu1,1,nas-sp,exact_rhs2,0.000796,default-unroll
amdgpu1,1,nas-sp,initialize3,0.000826,default-unroll
amdgpu1,1,nas-sp,compute_rhs2,0.008231,default-unroll
amdgpu1,1,nas-sp,compute_rhs6,0.014928,default-unroll
amdgpu1,1,nas-sp,y_solve,0.038832,default-unroll
amdgpu1,1,nas-sp,exact_rhs1,0.000692,default-unroll
amdgpu1,1,nas-sp,pinvr,0.007201,default-unroll
amdgpu1,1,nas-sp,exact_rhs4,0.00077,default-unroll
amdgpu1,1,nas-sp,compute_rhs1,0.008008,default-unroll
amdgpu1,1,nas-sp,initialize5,0.000712,default-unroll
amdgpu1,1,nas-sp,initialize1,0.003457,default-unroll
amdgpu1,2,nas-sp,error_norm,0.000566,default-unroll
amdgpu1,2,nas-sp,compute_rhs4,0.03253,default-unroll
amdgpu1,2,nas-sp,ninvr,0.012644,default-unroll
amdgpu1,2,nas-sp,initialize2,0.000803,default-unroll
amdgpu1,2,nas-sp,add,0.014185,default-unroll
amdgpu1,2,nas-sp,tzetar,0.0145,default-unroll
amdgpu1,2,nas-sp,exact_rhs5,0.000368,default-unroll
amdgpu1,2,nas-sp,compute_rhs3,0.031288,default-unroll
amdgpu1,2,nas-sp,z_solve,0.046909,default-unroll
amdgpu1,2,nas-sp,x_solve,0.045727,default-unroll
amdgpu1,2,nas-sp,txinvr,0.008186,default-unroll
amdgpu1,2,nas-sp,initialize4,0.000604,default-unroll
amdgpu1,2,nas-sp,rhs_norm,0.000786,default-unroll
amdgpu1,2,nas-sp,exact_rhs3,0.000923,default-unroll
amdgpu1,2,nas-sp,compute_rhs5,0.028423,default-unroll
amdgpu1,2,nas-sp,exact_rhs2,0.000967,default-unroll
amdgpu1,2,nas-sp,initialize3,0.000813,default-unroll
amdgpu1,2,nas-sp,compute_rhs2,0.021522,default-unroll
amdgpu1,2,nas-sp,compute_rhs6,0.016284,default-unroll
amdgpu1,2,nas-sp,y_solve,0.03998,default-unroll
amdgpu1,2,nas-sp,exact_rhs1,0.000594,default-unroll
amdgpu1,2,nas-sp,pinvr,0.009936,default-unroll
amdgpu1,2,nas-sp,exact_rhs4,0.000747,default-unroll
amdgpu1,2,nas-sp,compute_rhs1,0.008061,default-unroll
amdgpu1,2,nas-sp,initialize5,0.008168,default-unroll
amdgpu1,2,nas-sp,initialize1,0.000448,default-unroll
amdgpu1,3,nas-sp,error_norm,0.000605,default-unroll
amdgpu1,3,nas-sp,compute_rhs4,0.033524,default-unroll
amdgpu1,3,nas-sp,ninvr,0.008448,default-unroll
amdgpu1,3,nas-sp,initialize2,0.000693,default-unroll
amdgpu1,3,nas-sp,add,0.009468,default-unroll
amdgpu1,3,nas-sp,tzetar,0.01691,default-unroll
amdgpu1,3,nas-sp,exact_rhs5,0.000356,default-unroll
amdgpu1,3,nas-sp,compute_rhs3,0.032198,default-unroll
amdgpu1,3,nas-sp,z_solve,0.043961,default-unroll
amdgpu1,3,nas-sp,x_solve,0.052592,default-unroll
amdgpu1,3,nas-sp,txinvr,0.008348,default-unroll
amdgpu1,3,nas-sp,initialize4,0.001838,default-unroll
amdgpu1,3,nas-sp,rhs_norm,0.000477,default-unroll
amdgpu1,3,nas-sp,exact_rhs3,0.000788,default-unroll
amdgpu1,3,nas-sp,compute_rhs5,0.024594,default-unroll
amdgpu1,3,nas-sp,exact_rhs2,0.003803,default-unroll
amdgpu1,3,nas-sp,initialize3,0.000667,default-unroll
amdgpu1,3,nas-sp,compute_rhs2,0.008092,default-unroll
amdgpu1,3,nas-sp,compute_rhs6,0.008994,default-unroll
amdgpu1,3,nas-sp,y_solve,0.049253,default-unroll
amdgpu1,3,nas-sp,exact_rhs1,0.000674,default-unroll
amdgpu1,3,nas-sp,pinvr,0.006994,default-unroll
amdgpu1,3,nas-sp,exact_rhs4,0.000926,default-unroll
amdgpu1,3,nas-sp,compute_rhs1,0.014989,default-unroll
amdgpu1,3,nas-sp,initialize5,0.000653,default-unroll
amdgpu1,3,nas-sp,initialize1,0.000569,default-unroll
amdgpu1,4,nas-sp,error_norm,0.000654,default-unroll
amdgpu1,4,nas-sp,compute_rhs4,0.03476,default-unroll
amdgpu1,4,nas-sp,ninvr,0.013138,default-unroll
amdgpu1,4,nas-sp,initialize2,0.000638,default-unroll
amdgpu1,4,nas-sp,add,0.028299,default-unroll
amdgpu1,4,nas-sp,tzetar,0.009077,default-unroll
amdgpu1,4,nas-sp,exact_rhs5,0.000346,default-unroll
amdgpu1,4,nas-sp,compute_rhs3,0.031395,default-unroll
amdgpu1,4,nas-sp,z_solve,0.038009,default-unroll
amdgpu1,4,nas-sp,x_solve,0.058577,default-unroll
amdgpu1,4,nas-sp,txinvr,0.022251,default-unroll
amdgpu1,4,nas-sp,initialize4,0.000975,default-unroll
amdgpu1,4,nas-sp,rhs_norm,0.000483,default-unroll
amdgpu1,4,nas-sp,exact_rhs3,0.000812,default-unroll
amdgpu1,4,nas-sp,compute_rhs5,0.028309,default-unroll
amdgpu1,4,nas-sp,exact_rhs2,0.000874,default-unroll
amdgpu1,4,nas-sp,initialize3,0.000706,default-unroll
amdgpu1,4,nas-sp,compute_rhs2,0.008438,default-unroll
amdgpu1,4,nas-sp,compute_rhs6,0.00968000000000001,default-unroll
amdgpu1,4,nas-sp,y_solve,0.040329,default-unroll
amdgpu1,4,nas-sp,exact_rhs1,0.000474,default-unroll
amdgpu1,4,nas-sp,pinvr,0.011432,default-unroll
amdgpu1,4,nas-sp,exact_rhs4,0.000796,default-unroll
amdgpu1,4,nas-sp,compute_rhs1,0.008859,default-unroll
amdgpu1,4,nas-sp,initialize5,0.000698,default-unroll
amdgpu1,4,nas-sp,initialize1,0.000548,default-unroll
amdgpu1,0,nas-cg,conj_grad_6,0.022784,default-unroll
amdgpu1,0,nas-cg,main_0,0.00827,default-unroll
amdgpu1,0,nas-cg,makea_1,0.113387,default-unroll
amdgpu1,0,nas-cg,conj_grad_1,0.005032,default-unroll
amdgpu1,0,nas-cg,conj_grad_0,0.001547,default-unroll
amdgpu1,0,nas-cg,makea_2,0.000825,default-unroll
amdgpu1,0,nas-cg,conj_grad_3,0.08303,default-unroll
amdgpu1,0,nas-cg,makea_0,0.896664,default-unroll
amdgpu1,0,nas-cg,makea_6,0.007459,default-unroll
amdgpu1,0,nas-cg,main_3,0.006526,default-unroll
amdgpu1,0,nas-cg,conj_grad_7,0.002266,default-unroll
amdgpu1,0,nas-cg,init_mem_0,0.004926,default-unroll
amdgpu1,0,nas-cg,main_2,0.000495,default-unroll
amdgpu1,0,nas-cg,main_4,0.00421,default-unroll
amdgpu1,0,nas-cg,makea_5,0.000805,default-unroll
amdgpu1,0,nas-cg,conj_grad_5,0.044099,default-unroll
amdgpu1,0,nas-cg,makea_4,0.000416,default-unroll
amdgpu1,0,nas-cg,conj_grad_4,0.0561439999999999,default-unroll
amdgpu1,0,nas-cg,makea_7,0.000556,default-unroll
amdgpu1,0,nas-cg,makea_3,4.330285,default-unroll
amdgpu1,0,nas-cg,main_1,0.000446,default-unroll
amdgpu1,0,nas-cg,conj_grad_2,0.525357,default-unroll
amdgpu1,0,nas-cg,init_mem_1,0.001801,default-unroll
amdgpu1,1,nas-cg,conj_grad_6,0.018766,default-unroll
amdgpu1,1,nas-cg,main_0,0.001134,default-unroll
amdgpu1,1,nas-cg,makea_1,0.113136,default-unroll
amdgpu1,1,nas-cg,conj_grad_1,0.008203,default-unroll
amdgpu1,1,nas-cg,conj_grad_0,0.007135,default-unroll
amdgpu1,1,nas-cg,makea_2,0.00081,default-unroll
amdgpu1,1,nas-cg,conj_grad_3,0.058898,default-unroll
amdgpu1,1,nas-cg,makea_0,0.899766,default-unroll
amdgpu1,1,nas-cg,makea_6,0.007205,default-unroll
amdgpu1,1,nas-cg,main_3,0.001719,default-unroll
amdgpu1,1,nas-cg,conj_grad_7,0.001977,default-unroll
amdgpu1,1,nas-cg,init_mem_0,0.003769,default-unroll
amdgpu1,1,nas-cg,main_2,0.00039,default-unroll
amdgpu1,1,nas-cg,main_4,0.009416,default-unroll
amdgpu1,1,nas-cg,makea_5,0.000807,default-unroll
amdgpu1,1,nas-cg,conj_grad_5,0.047904,default-unroll
amdgpu1,1,nas-cg,makea_4,0.000363,default-unroll
amdgpu1,1,nas-cg,conj_grad_4,0.04616,default-unroll
amdgpu1,1,nas-cg,makea_7,0.000364,default-unroll
amdgpu1,1,nas-cg,makea_3,4.323775,default-unroll
amdgpu1,1,nas-cg,main_1,0.000525,default-unroll
amdgpu1,1,nas-cg,conj_grad_2,0.520747,default-unroll
amdgpu1,1,nas-cg,init_mem_1,0.001911,default-unroll
amdgpu1,2,nas-cg,conj_grad_6,0.021803,default-unroll
amdgpu1,2,nas-cg,main_0,0.001126,default-unroll
amdgpu1,2,nas-cg,makea_1,0.11309,default-unroll
amdgpu1,2,nas-cg,conj_grad_1,0.002198,default-unroll
amdgpu1,2,nas-cg,conj_grad_0,0.001575,default-unroll
amdgpu1,2,nas-cg,makea_2,0.005466,default-unroll
amdgpu1,2,nas-cg,conj_grad_3,0.07431,default-unroll
amdgpu1,2,nas-cg,makea_0,0.9021,default-unroll
amdgpu1,2,nas-cg,makea_6,0.007416,default-unroll
amdgpu1,2,nas-cg,main_3,0.001794,default-unroll
amdgpu1,2,nas-cg,conj_grad_7,0.002015,default-unroll
amdgpu1,2,nas-cg,init_mem_0,0.000684,default-unroll
amdgpu1,2,nas-cg,main_2,0.000373,default-unroll
amdgpu1,2,nas-cg,main_4,0.006108,default-unroll
amdgpu1,2,nas-cg,makea_5,0.003596,default-unroll
amdgpu1,2,nas-cg,conj_grad_5,0.074805,default-unroll
amdgpu1,2,nas-cg,makea_4,0.000382,default-unroll
amdgpu1,2,nas-cg,conj_grad_4,0.103676,default-unroll
amdgpu1,2,nas-cg,makea_7,0.00128,default-unroll
amdgpu1,2,nas-cg,makea_3,4.335779,default-unroll
amdgpu1,2,nas-cg,main_1,0.000792,default-unroll
amdgpu1,2,nas-cg,conj_grad_2,0.513337,default-unroll
amdgpu1,2,nas-cg,init_mem_1,0.006507,default-unroll
amdgpu1,3,nas-cg,conj_grad_6,0.024444,default-unroll
amdgpu1,3,nas-cg,main_0,0.006702,default-unroll
amdgpu1,3,nas-cg,makea_1,0.113397,default-unroll
amdgpu1,3,nas-cg,conj_grad_1,0.001594,default-unroll
amdgpu1,3,nas-cg,conj_grad_0,0.001731,default-unroll
amdgpu1,3,nas-cg,makea_2,0.000783,default-unroll
amdgpu1,3,nas-cg,conj_grad_3,0.05053,default-unroll
amdgpu1,3,nas-cg,makea_0,0.896938,default-unroll
amdgpu1,3,nas-cg,makea_6,0.007176,default-unroll
amdgpu1,3,nas-cg,main_3,0.001753,default-unroll
amdgpu1,3,nas-cg,conj_grad_7,0.002457,default-unroll
amdgpu1,3,nas-cg,init_mem_0,0.003922,default-unroll
amdgpu1,3,nas-cg,main_2,0.000329,default-unroll
amdgpu1,3,nas-cg,main_4,0.001414,default-unroll
amdgpu1,3,nas-cg,makea_5,0.000813,default-unroll
amdgpu1,3,nas-cg,conj_grad_5,0.051745,default-unroll
amdgpu1,3,nas-cg,makea_4,0.000343,default-unroll
amdgpu1,3,nas-cg,conj_grad_4,0.136324,default-unroll
amdgpu1,3,nas-cg,makea_7,0.000573,default-unroll
amdgpu1,3,nas-cg,makea_3,4.330757,default-unroll
amdgpu1,3,nas-cg,main_1,0.000566,default-unroll
amdgpu1,3,nas-cg,conj_grad_2,0.491141,default-unroll
amdgpu1,3,nas-cg,init_mem_1,0.008773,default-unroll
amdgpu1,4,nas-cg,conj_grad_6,0.020845,default-unroll
amdgpu1,4,nas-cg,main_0,0.001104,default-unroll
amdgpu1,4,nas-cg,makea_1,0.115761,default-unroll
amdgpu1,4,nas-cg,conj_grad_1,0.001965,default-unroll
amdgpu1,4,nas-cg,conj_grad_0,0.002847,default-unroll
amdgpu1,4,nas-cg,makea_2,0.000852,default-unroll
amdgpu1,4,nas-cg,conj_grad_3,0.064397,default-unroll
amdgpu1,4,nas-cg,makea_0,0.896559,default-unroll
amdgpu1,4,nas-cg,makea_6,0.007211,default-unroll
amdgpu1,4,nas-cg,main_3,0.001772,default-unroll
amdgpu1,4,nas-cg,conj_grad_7,0.001816,default-unroll
amdgpu1,4,nas-cg,init_mem_0,0.000631,default-unroll
amdgpu1,4,nas-cg,main_2,0.000468,default-unroll
amdgpu1,4,nas-cg,main_4,0.001436,default-unroll
amdgpu1,4,nas-cg,makea_5,0.000773,default-unroll
amdgpu1,4,nas-cg,conj_grad_5,0.070584,default-unroll
amdgpu1,4,nas-cg,makea_4,0.000428,default-unroll
amdgpu1,4,nas-cg,conj_grad_4,0.075178,default-unroll
amdgpu1,4,nas-cg,makea_7,0.000348,default-unroll
amdgpu1,4,nas-cg,makea_3,4.331167,default-unroll
amdgpu1,4,nas-cg,main_1,0.000684,default-unroll
amdgpu1,4,nas-cg,conj_grad_2,0.516681,default-unroll
amdgpu1,4,nas-cg,init_mem_1,0.001937,default-unroll
amdgpu1,0,nv-bs,BlackScholes,0.077394,default-unroll
amdgpu1,1,nv-bs,BlackScholes,0.087661,default-unroll
amdgpu1,2,nv-bs,BlackScholes,0.083977,default-unroll
amdgpu1,3,nv-bs,BlackScholes,0.087365,default-unroll
amdgpu1,4,nv-bs,BlackScholes,0.073669,default-unroll
amdgpu1,0,nv-dct,DCT8x8,0.065477,default-unroll
amdgpu1,1,nv-dct,DCT8x8,0.060765,default-unroll
amdgpu1,2,nv-dct,DCT8x8,0.064796,default-unroll
amdgpu1,3,nv-dct,DCT8x8,0.059672,default-unroll
amdgpu1,4,nv-dct,DCT8x8,0.077036,default-unroll
amdgpu1,0,nv-fdtd,FiniteDifferences,0.062123,default-unroll
amdgpu1,1,nv-fdtd,FiniteDifferences,0.066974,default-unroll
amdgpu1,2,nv-fdtd,FiniteDifferences,0.061787,default-unroll
amdgpu1,3,nv-fdtd,FiniteDifferences,0.061765,default-unroll
amdgpu1,4,nv-fdtd,FiniteDifferences,0.066595,default-unroll
amdgpu1,0,particlefilter,find_index_kernel,4.346337,default-unroll
amdgpu1,0,particlefilter,normalize_weights_kernel,3.442429,default-unroll
amdgpu1,0,particlefilter,likelihood_kernel,0.577096,default-unroll
amdgpu1,0,particlefilter,sum_kernel,0.013279,default-unroll
amdgpu1,1,particlefilter,find_index_kernel,4.384689,default-unroll
amdgpu1,1,particlefilter,normalize_weights_kernel,3.439923,default-unroll
amdgpu1,1,particlefilter,likelihood_kernel,0.571093,default-unroll
amdgpu1,1,particlefilter,sum_kernel,0.010991,default-unroll
amdgpu1,2,particlefilter,find_index_kernel,4.387004,default-unroll
amdgpu1,2,particlefilter,normalize_weights_kernel,3.452952,default-unroll
amdgpu1,2,particlefilter,likelihood_kernel,0.589353,default-unroll
amdgpu1,2,particlefilter,sum_kernel,0.010302,default-unroll
amdgpu1,3,particlefilter,find_index_kernel,4.38541,default-unroll
amdgpu1,3,particlefilter,normalize_weights_kernel,3.441064,default-unroll
amdgpu1,3,particlefilter,likelihood_kernel,0.587477,default-unroll
amdgpu1,3,particlefilter,sum_kernel,0.008731,default-unroll
amdgpu1,4,particlefilter,find_index_kernel,4.384431,default-unroll
amdgpu1,4,particlefilter,normalize_weights_kernel,3.445243,default-unroll
amdgpu1,4,particlefilter,likelihood_kernel,0.577815,default-unroll
amdgpu1,4,particlefilter,sum_kernel,0.010659,default-unroll
amdgpu2,0,blur,blur_ver,0.5996,default-spec
amdgpu2,0,blur,blur_hor,0.583524,default-spec
amdgpu2,1,blur,blur_ver,0.599529,default-spec
amdgpu2,1,blur,blur_hor,0.583512,default-spec
amdgpu2,2,blur,blur_ver,0.599689,default-spec
amdgpu2,2,blur,blur_hor,0.583406,default-spec
amdgpu2,3,blur,blur_ver,0.599495,default-spec
amdgpu2,3,blur,blur_hor,0.583515,default-spec
amdgpu2,4,blur,blur_ver,0.599536,default-spec
amdgpu2,4,blur,blur_hor,0.583299,default-spec
amdgpu2,0,mandelbrot,mandelGPU,0.716229,default-spec
amdgpu2,1,mandelbrot,mandelGPU,0.717017,default-spec
amdgpu2,2,mandelbrot,mandelGPU,0.717167,default-spec
amdgpu2,3,mandelbrot,mandelGPU,0.718548,default-spec
amdgpu2,4,mandelbrot,mandelGPU,0.730735,default-spec
amdgpu2,0,mbdemo,mandelbrot,3.174006,default-spec
amdgpu2,1,mbdemo,mandelbrot,3.205915,default-spec
amdgpu2,2,mbdemo,mandelbrot,3.23428,default-spec
amdgpu2,3,mbdemo,mandelbrot,3.219361,default-spec
amdgpu2,4,mbdemo,mandelbrot,3.162131,default-spec
amdgpu2,0,mmul,fmma,0.354106,default-spec
amdgpu2,1,mmul,fmma,0.357006,default-spec
amdgpu2,2,mmul,fmma,0.353946,default-spec
amdgpu2,3,mmul,fmma,0.354155,default-spec
amdgpu2,4,mmul,fmma,0.354426,default-spec
amdgpu2,0,nas-sp,error_norm,0.000733,default-spec
amdgpu2,0,nas-sp,compute_rhs4,0.040389,default-spec
amdgpu2,0,nas-sp,ninvr,0.012168,default-spec
amdgpu2,0,nas-sp,initialize2,0.000711,default-spec
amdgpu2,0,nas-sp,add,0.009163,default-spec
amdgpu2,0,nas-sp,tzetar,0.00906100000000001,default-spec
amdgpu2,0,nas-sp,exact_rhs5,0.000364,default-spec
amdgpu2,0,nas-sp,compute_rhs3,0.039673,default-spec
amdgpu2,0,nas-sp,z_solve,0.043513,default-spec
amdgpu2,0,nas-sp,x_solve,0.052732,default-spec
amdgpu2,0,nas-sp,txinvr,0.012666,default-spec
amdgpu2,0,nas-sp,initialize4,0.001761,default-spec
amdgpu2,0,nas-sp,rhs_norm,0.000553,default-spec
amdgpu2,0,nas-sp,exact_rhs3,0.000771,default-spec
amdgpu2,0,nas-sp,compute_rhs5,0.033584,default-spec
amdgpu2,0,nas-sp,exact_rhs2,0.001466,default-spec
amdgpu2,0,nas-sp,initialize3,0.00096,default-spec
amdgpu2,0,nas-sp,compute_rhs2,0.011462,default-spec
amdgpu2,0,nas-sp,compute_rhs6,0.015426,default-spec
amdgpu2,0,nas-sp,y_solve,0.041494,default-spec
amdgpu2,0,nas-sp,exact_rhs1,0.000498,default-spec
amdgpu2,0,nas-sp,pinvr,0.015641,default-spec
amdgpu2,0,nas-sp,exact_rhs4,0.000951,default-spec
amdgpu2,0,nas-sp,compute_rhs1,0.011776,default-spec
amdgpu2,0,nas-sp,initialize5,0.000991,default-spec
amdgpu2,0,nas-sp,initialize1,0.000488,default-spec
amdgpu2,1,nas-sp,error_norm,0.000604,default-spec
amdgpu2,1,nas-sp,compute_rhs4,0.036027,default-spec
amdgpu2,1,nas-sp,ninvr,0.011763,default-spec
amdgpu2,1,nas-sp,initialize2,0.000655,default-spec
amdgpu2,1,nas-sp,add,0.010197,default-spec
amdgpu2,1,nas-sp,tzetar,0.01552,default-spec
amdgpu2,1,nas-sp,exact_rhs5,0.002225,default-spec
amdgpu2,1,nas-sp,compute_rhs3,0.039646,default-spec
amdgpu2,1,nas-sp,z_solve,0.039659,default-spec
amdgpu2,1,nas-sp,x_solve,0.054173,default-spec
amdgpu2,1,nas-sp,txinvr,0.015481,default-spec
amdgpu2,1,nas-sp,initialize4,0.000688,default-spec
amdgpu2,1,nas-sp,rhs_norm,0.000533,default-spec
amdgpu2,1,nas-sp,exact_rhs3,0.00077,default-spec
amdgpu2,1,nas-sp,compute_rhs5,0.031378,default-spec
amdgpu2,1,nas-sp,exact_rhs2,0.00126,default-spec
amdgpu2,1,nas-sp,initialize3,0.000667,default-spec
amdgpu2,1,nas-sp,compute_rhs2,0.008493,default-spec
amdgpu2,1,nas-sp,compute_rhs6,0.019805,default-spec
amdgpu2,1,nas-sp,y_solve,0.050484,default-spec
amdgpu2,1,nas-sp,exact_rhs1,0.000513,default-spec
amdgpu2,1,nas-sp,pinvr,0.024816,default-spec
amdgpu2,1,nas-sp,exact_rhs4,0.000733,default-spec
amdgpu2,1,nas-sp,compute_rhs1,0.013088,default-spec
amdgpu2,1,nas-sp,initialize5,0.00089,default-spec
amdgpu2,1,nas-sp,initialize1,0.000534,default-spec
amdgpu2,2,nas-sp,error_norm,0.000632,default-spec
amdgpu2,2,nas-sp,compute_rhs4,0.033462,default-spec
amdgpu2,2,nas-sp,ninvr,0.007834,default-spec
amdgpu2,2,nas-sp,initialize2,0.00068,default-spec
amdgpu2,2,nas-sp,add,0.008119,default-spec
amdgpu2,2,nas-sp,tzetar,0.011885,default-spec
amdgpu2,2,nas-sp,exact_rhs5,0.000367,default-spec
amdgpu2,2,nas-sp,compute_rhs3,0.027228,default-spec
amdgpu2,2,nas-sp,z_solve,0.03833,default-spec
amdgpu2,2,nas-sp,x_solve,0.049717,default-spec
amdgpu2,2,nas-sp,txinvr,0.008388,default-spec
amdgpu2,2,nas-sp,initialize4,0.000678,default-spec
amdgpu2,2,nas-sp,rhs_norm,0.000541,default-spec
amdgpu2,2,nas-sp,exact_rhs3,0.00081,default-spec
amdgpu2,2,nas-sp,compute_rhs5,0.030173,default-spec
amdgpu2,2,nas-sp,exact_rhs2,0.001095,default-spec
amdgpu2,2,nas-sp,initialize3,0.001197,default-spec
amdgpu2,2,nas-sp,compute_rhs2,0.007898,default-spec
amdgpu2,2,nas-sp,compute_rhs6,0.00979,default-spec
amdgpu2,2,nas-sp,y_solve,0.045982,default-spec
amdgpu2,2,nas-sp,exact_rhs1,0.000559,default-spec
amdgpu2,2,nas-sp,pinvr,0.019216,default-spec
amdgpu2,2,nas-sp,exact_rhs4,0.001099,default-spec
amdgpu2,2,nas-sp,compute_rhs1,0.008195,default-spec
amdgpu2,2,nas-sp,initialize5,0.001646,default-spec
amdgpu2,2,nas-sp,initialize1,0.003005,default-spec
amdgpu2,3,nas-sp,error_norm,0.000817,default-spec
amdgpu2,3,nas-sp,compute_rhs4,0.033166,default-spec
amdgpu2,3,nas-sp,ninvr,0.015,default-spec
amdgpu2,3,nas-sp,initialize2,0.000647,default-spec
amdgpu2,3,nas-sp,add,0.012094,default-spec
amdgpu2,3,nas-sp,tzetar,0.015324,default-spec
amdgpu2,3,nas-sp,exact_rhs5,0.000578,default-spec
amdgpu2,3,nas-sp,compute_rhs3,0.029932,default-spec
amdgpu2,3,nas-sp,z_solve,0.039867,default-spec
amdgpu2,3,nas-sp,x_solve,0.042259,default-spec
amdgpu2,3,nas-sp,txinvr,0.008229,default-spec
amdgpu2,3,nas-sp,initialize4,0.00071,default-spec
amdgpu2,3,nas-sp,rhs_norm,0.000448,default-spec
amdgpu2,3,nas-sp,exact_rhs3,0.000735,default-spec
amdgpu2,3,nas-sp,compute_rhs5,0.028766,default-spec
amdgpu2,3,nas-sp,exact_rhs2,0.000807,default-spec
amdgpu2,3,nas-sp,initialize3,0.000753,default-spec
amdgpu2,3,nas-sp,compute_rhs2,0.019888,default-spec
amdgpu2,3,nas-sp,compute_rhs6,0.009412,default-spec
amdgpu2,3,nas-sp,y_solve,0.05599,default-spec
amdgpu2,3,nas-sp,exact_rhs1,0.000483,default-spec
amdgpu2,3,nas-sp,pinvr,0.00765,default-spec
amdgpu2,3,nas-sp,exact_rhs4,0.000782,default-spec
amdgpu2,3,nas-sp,compute_rhs1,0.012282,default-spec
amdgpu2,3,nas-sp,initialize5,0.000704,default-spec
amdgpu2,3,nas-sp,initialize1,0.000469,default-spec
amdgpu2,4,nas-sp,error_norm,0.000916,default-spec
amdgpu2,4,nas-sp,compute_rhs4,0.029066,default-spec
amdgpu2,4,nas-sp,ninvr,0.007031,default-spec
amdgpu2,4,nas-sp,initialize2,0.001044,default-spec
amdgpu2,4,nas-sp,add,0.007665,default-spec
amdgpu2,4,nas-sp,tzetar,0.012789,default-spec
amdgpu2,4,nas-sp,exact_rhs5,0.000447,default-spec
amdgpu2,4,nas-sp,compute_rhs3,0.034608,default-spec
amdgpu2,4,nas-sp,z_solve,0.047205,default-spec
amdgpu2,4,nas-sp,x_solve,0.047254,default-spec
amdgpu2,4,nas-sp,txinvr,0.007696,default-spec
amdgpu2,4,nas-sp,initialize4,0.003108,default-spec
amdgpu2,4,nas-sp,rhs_norm,0.000485,default-spec
amdgpu2,4,nas-sp,exact_rhs3,0.00075,default-spec
amdgpu2,4,nas-sp,compute_rhs5,0.026533,default-spec
amdgpu2,4,nas-sp,exact_rhs2,0.000829,default-spec
amdgpu2,4,nas-sp,initialize3,0.001192,default-spec
amdgpu2,4,nas-sp,compute_rhs2,0.007478,default-spec
amdgpu2,4,nas-sp,compute_rhs6,0.00902700000000001,default-spec
amdgpu2,4,nas-sp,y_solve,0.045792,default-spec
amdgpu2,4,nas-sp,exact_rhs1,0.000437,default-spec
amdgpu2,4,nas-sp,pinvr,0.018021,default-spec
amdgpu2,4,nas-sp,exact_rhs4,0.000906,default-spec
amdgpu2,4,nas-sp,compute_rhs1,0.013028,default-spec
amdgpu2,4,nas-sp,initialize5,0.000704,default-spec
amdgpu2,4,nas-sp,initialize1,0.000497,default-spec
amdgpu2,0,nas-cg,conj_grad_6,0.019232,default-spec
amdgpu2,0,nas-cg,main_0,0.001116,default-spec
amdgpu2,0,nas-cg,makea_1,0.113066,default-spec
amdgpu2,0,nas-cg,conj_grad_1,0.00169,default-spec
amdgpu2,0,nas-cg,conj_grad_0,0.001835,default-spec
amdgpu2,0,nas-cg,makea_2,0.000831,default-spec
amdgpu2,0,nas-cg,conj_grad_3,0.0477689999999999,default-spec
amdgpu2,0,nas-cg,makea_0,0.894471,default-spec
amdgpu2,0,nas-cg,makea_6,0.007222,default-spec
amdgpu2,0,nas-cg,main_3,0.001986,default-spec
amdgpu2,0,nas-cg,conj_grad_7,0.002248,default-spec
amdgpu2,0,nas-cg,init_mem_0,0.003503,default-spec
amdgpu2,0,nas-cg,main_2,0.000404,default-spec
amdgpu2,0,nas-cg,main_4,0.004774,default-spec
amdgpu2,0,nas-cg,makea_5,0.000798,default-spec
amdgpu2,0,nas-cg,conj_grad_5,0.0413279999999999,default-spec
amdgpu2,0,nas-cg,makea_4,0.000425,default-spec
amdgpu2,0,nas-cg,conj_grad_4,0.0675609999999999,default-spec
amdgpu2,0,nas-cg,makea_7,0.001675,default-spec
amdgpu2,0,nas-cg,makea_3,4.327256,default-spec
amdgpu2,0,nas-cg,main_1,0.000768,default-spec
amdgpu2,0,nas-cg,conj_grad_2,0.514986,default-spec
amdgpu2,0,nas-cg,init_mem_1,0.001969,default-spec
amdgpu2,1,nas-cg,conj_grad_6,0.019299,default-spec
amdgpu2,1,nas-cg,main_0,0.001113,default-spec
amdgpu2,1,nas-cg,makea_1,0.113181,default-spec
amdgpu2,1,nas-cg,conj_grad_1,0.001587,default-spec
amdgpu2,1,nas-cg,conj_grad_0,0.001828,default-spec
amdgpu2,1,nas-cg,makea_2,0.000869,default-spec
amdgpu2,1,nas-cg,conj_grad_3,0.0869969999999999,default-spec
amdgpu2,1,nas-cg,makea_0,0.898217,default-spec
amdgpu2,1,nas-cg,makea_6,0.007223,default-spec
amdgpu2,1,nas-cg,main_3,0.001685,default-spec
amdgpu2,1,nas-cg,conj_grad_7,0.001785,default-spec
amdgpu2,1,nas-cg,init_mem_0,0.000746,default-spec
amdgpu2,1,nas-cg,main_2,0.000461,default-spec
amdgpu2,1,nas-cg,main_4,0.001803,default-spec
amdgpu2,1,nas-cg,makea_5,0.000829,default-spec
amdgpu2,1,nas-cg,conj_grad_5,0.040221,default-spec
amdgpu2,1,nas-cg,makea_4,0.000612,default-spec
amdgpu2,1,nas-cg,conj_grad_4,0.061104,default-spec
amdgpu2,1,nas-cg,makea_7,0.000342,default-spec
amdgpu2,1,nas-cg,makea_3,4.32713,default-spec
amdgpu2,1,nas-cg,main_1,0.000471,default-spec
amdgpu2,1,nas-cg,conj_grad_2,0.495139,default-spec
amdgpu2,1,nas-cg,init_mem_1,0.002118,default-spec
amdgpu2,2,nas-cg,conj_grad_6,0.019265,default-spec
amdgpu2,2,nas-cg,main_0,0.003805,default-spec
amdgpu2,2,nas-cg,makea_1,0.116339,default-spec
amdgpu2,2,nas-cg,conj_grad_1,0.001697,default-spec
amdgpu2,2,nas-cg,conj_grad_0,0.001568,default-spec
amdgpu2,2,nas-cg,makea_2,0.001021,default-spec
amdgpu2,2,nas-cg,conj_grad_3,0.0591979999999999,default-spec
amdgpu2,2,nas-cg,makea_0,0.896762,default-spec
amdgpu2,2,nas-cg,makea_6,0.009471,default-spec
amdgpu2,2,nas-cg,main_3,0.002153,default-spec
amdgpu2,2,nas-cg,conj_grad_7,0.001885,default-spec
amdgpu2,2,nas-cg,init_mem_0,0.000882,default-spec
amdgpu2,2,nas-cg,main_2,0.000371,default-spec
amdgpu2,2,nas-cg,main_4,0.001461,default-spec
amdgpu2,2,nas-cg,makea_5,0.000877,default-spec
amdgpu2,2,nas-cg,conj_grad_5,0.0470209999999999,default-spec
amdgpu2,2,nas-cg,makea_4,0.000441,default-spec
amdgpu2,2,nas-cg,conj_grad_4,0.0597700000000001,default-spec
amdgpu2,2,nas-cg,makea_7,0.000354,default-spec
amdgpu2,2,nas-cg,makea_3,4.327262,default-spec
amdgpu2,2,nas-cg,main_1,0.000546,default-spec
amdgpu2,2,nas-cg,conj_grad_2,0.522087,default-spec
amdgpu2,2,nas-cg,init_mem_1,0.002465,default-spec
amdgpu2,3,nas-cg,conj_grad_6,0.017945,default-spec
amdgpu2,3,nas-cg,main_0,0.001113,default-spec
amdgpu2,3,nas-cg,makea_1,0.115908,default-spec
amdgpu2,3,nas-cg,conj_grad_1,0.001704,default-spec
amdgpu2,3,nas-cg,conj_grad_0,0.001445,default-spec
amdgpu2,3,nas-cg,makea_2,0.001014,default-spec
amdgpu2,3,nas-cg,conj_grad_3,0.067886,default-spec
amdgpu2,3,nas-cg,makea_0,0.894332,default-spec
amdgpu2,3,nas-cg,makea_6,0.01121,default-spec
amdgpu2,3,nas-cg,main_3,0.001842,default-spec
amdgpu2,3,nas-cg,conj_grad_7,0.001742,default-spec
amdgpu2,3,nas-cg,init_mem_0,0.000671,default-spec
amdgpu2,3,nas-cg,main_2,0.000457,default-spec
amdgpu2,3,nas-cg,main_4,0.00136,default-spec
amdgpu2,3,nas-cg,makea_5,0.000828,default-spec
amdgpu2,3,nas-cg,conj_grad_5,0.045367,default-spec
amdgpu2,3,nas-cg,makea_4,0.000457,default-spec
amdgpu2,3,nas-cg,conj_grad_4,0.055138,default-spec
amdgpu2,3,nas-cg,makea_7,0.000358,default-spec
amdgpu2,3,nas-cg,makea_3,4.326009,default-spec
amdgpu2,3,nas-cg,main_1,0.000403,default-spec
amdgpu2,3,nas-cg,conj_grad_2,0.528784,default-spec
amdgpu2,3,nas-cg,init_mem_1,0.005576,default-spec
amdgpu2,4,nas-cg,conj_grad_6,0.018193,default-spec
amdgpu2,4,nas-cg,main_0,0.001204,default-spec
amdgpu2,4,nas-cg,makea_1,0.113289,default-spec
amdgpu2,4,nas-cg,conj_grad_1,0.001948,default-spec
amdgpu2,4,nas-cg,conj_grad_0,0.008817,default-spec
amdgpu2,4,nas-cg,makea_2,0.000854,default-spec
amdgpu2,4,nas-cg,conj_grad_3,0.073906,default-spec
amdgpu2,4,nas-cg,makea_0,0.89418,default-spec
amdgpu2,4,nas-cg,makea_6,0.007218,default-spec
amdgpu2,4,nas-cg,main_3,0.001918,default-spec
amdgpu2,4,nas-cg,conj_grad_7,0.001653,default-spec
amdgpu2,4,nas-cg,init_mem_0,0.00073,default-spec
amdgpu2,4,nas-cg,main_2,0.000433,default-spec
amdgpu2,4,nas-cg,main_4,0.001423,default-spec
amdgpu2,4,nas-cg,makea_5,0.00083,default-spec
amdgpu2,4,nas-cg,conj_grad_5,0.035319,default-spec
amdgpu2,4,nas-cg,makea_4,0.000354,default-spec
amdgpu2,4,nas-cg,conj_grad_4,0.077369,default-spec
amdgpu2,4,nas-cg,makea_7,0.000352,default-spec
amdgpu2,4,nas-cg,makea_3,4.324371,default-spec
amdgpu2,4,nas-cg,main_1,0.000505,default-spec
amdgpu2,4,nas-cg,conj_grad_2,0.507819,default-spec
amdgpu2,4,nas-cg,init_mem_1,0.002246,default-spec
amdgpu2,0,nv-bs,BlackScholes,0.084978,default-spec
amdgpu2,1,nv-bs,BlackScholes,0.08096,default-spec
amdgpu2,2,nv-bs,BlackScholes,0.077258,default-spec
amdgpu2,3,nv-bs,BlackScholes,0.086144,default-spec
amdgpu2,4,nv-bs,BlackScholes,0.084591,default-spec
amdgpu2,0,nv-dct,DCT8x8,0.062034,default-spec
amdgpu2,1,nv-dct,DCT8x8,0.06354,default-spec
amdgpu2,2,nv-dct,DCT8x8,0.075858,default-spec
amdgpu2,3,nv-dct,DCT8x8,0.065955,default-spec
amdgpu2,4,nv-dct,DCT8x8,0.059385,default-spec
amdgpu2,0,nv-fdtd,FiniteDifferences,0.070874,default-spec
amdgpu2,1,nv-fdtd,FiniteDifferences,0.072553,default-spec
amdgpu2,2,nv-fdtd,FiniteDifferences,0.069213,default-spec
amdgpu2,3,nv-fdtd,FiniteDifferences,0.074875,default-spec
amdgpu2,4,nv-fdtd,FiniteDifferences,0.069409,default-spec
amdgpu2,0,particlefilter,find_index_kernel,4.345723,default-spec
amdgpu2,0,particlefilter,normalize_weights_kernel,3.457493,default-spec
amdgpu2,0,particlefilter,likelihood_kernel,0.631141,default-spec
amdgpu2,0,particlefilter,sum_kernel,0.012208,default-spec
amdgpu2,1,particlefilter,find_index_kernel,4.387006,default-spec
amdgpu2,1,particlefilter,normalize_weights_kernel,3.443682,default-spec
amdgpu2,1,particlefilter,likelihood_kernel,0.562087,default-spec
amdgpu2,1,particlefilter,sum_kernel,0.007885,default-spec
amdgpu2,2,particlefilter,find_index_kernel,4.384643,default-spec
amdgpu2,2,particlefilter,normalize_weights_kernel,3.441617,default-spec
amdgpu2,2,particlefilter,likelihood_kernel,0.56994,default-spec
amdgpu2,2,particlefilter,sum_kernel,0.016667,default-spec
amdgpu2,3,particlefilter,find_index_kernel,4.385571,default-spec
amdgpu2,3,particlefilter,normalize_weights_kernel,3.446912,default-spec
amdgpu2,3,particlefilter,likelihood_kernel,0.551066,default-spec
amdgpu2,3,particlefilter,sum_kernel,0.008116,default-spec
amdgpu2,4,particlefilter,find_index_kernel,4.386458,default-spec
amdgpu2,4,particlefilter,normalize_weights_kernel,3.445307,default-spec
amdgpu2,4,particlefilter,likelihood_kernel,0.55817,default-spec
amdgpu2,4,particlefilter,sum_kernel,0.011679,default-spec
amdgpu3,0,blur,blur_ver,0.601781,default-spec-unroll
amdgpu3,0,blur,blur_hor,0.585038,default-spec-unroll
amdgpu3,1,blur,blur_ver,0.601564,default-spec-unroll
amdgpu3,1,blur,blur_hor,0.585056,default-spec-unroll
amdgpu3,2,blur,blur_ver,0.601865,default-spec-unroll
amdgpu3,2,blur,blur_hor,0.58514,default-spec-unroll
amdgpu3,3,blur,blur_ver,0.601586,default-spec-unroll
amdgpu3,3,blur,blur_hor,0.585471,default-spec-unroll
amdgpu3,4,blur,blur_ver,0.601648,default-spec-unroll
amdgpu3,4,blur,blur_hor,0.585224,default-spec-unroll
amdgpu3,0,mandelbrot,mandelGPU,0.735542,default-spec-unroll
amdgpu3,1,mandelbrot,mandelGPU,0.712577,default-spec-unroll
amdgpu3,2,mandelbrot,mandelGPU,0.718292,default-spec-unroll
amdgpu3,3,mandelbrot,mandelGPU,0.714494,default-spec-unroll
amdgpu3,4,mandelbrot,mandelGPU,0.71193,default-spec-unroll
amdgpu3,0,mbdemo,mandelbrot,3.151677,default-spec-unroll
amdgpu3,1,mbdemo,mandelbrot,3.12592999999999,default-spec-unroll
amdgpu3,2,mbdemo,mandelbrot,3.109204,default-spec-unroll
amdgpu3,3,mbdemo,mandelbrot,3.126921,default-spec-unroll
amdgpu3,4,mbdemo,mandelbrot,3.129055,default-spec-unroll
amdgpu3,0,mmul,fmma,0.456477,default-spec-unroll
amdgpu3,1,mmul,fmma,0.456415,default-spec-unroll
amdgpu3,2,mmul,fmma,0.456694,default-spec-unroll
amdgpu3,3,mmul,fmma,0.457717,default-spec-unroll
amdgpu3,4,mmul,fmma,0.456437,default-spec-unroll
amdgpu3,0,nas-sp,error_norm,0.000662,default-spec-unroll
amdgpu3,0,nas-sp,compute_rhs4,0.037053,default-spec-unroll
amdgpu3,0,nas-sp,ninvr,0.007938,default-spec-unroll
amdgpu3,0,nas-sp,initialize2,0.000694,default-spec-unroll
amdgpu3,0,nas-sp,add,0.015652,default-spec-unroll
amdgpu3,0,nas-sp,tzetar,0.013669,default-spec-unroll
amdgpu3,0,nas-sp,exact_rhs5,0.000299,default-spec-unroll
amdgpu3,0,nas-sp,compute_rhs3,0.030407,default-spec-unroll
amdgpu3,0,nas-sp,z_solve,0.0417,default-spec-unroll
amdgpu3,0,nas-sp,x_solve,0.042287,default-spec-unroll
amdgpu3,0,nas-sp,txinvr,0.022789,default-spec-unroll
amdgpu3,0,nas-sp,initialize4,0.000715,default-spec-unroll
amdgpu3,0,nas-sp,rhs_norm,0.000482,default-spec-unroll
amdgpu3,0,nas-sp,exact_rhs3,0.006183,default-spec-unroll
amdgpu3,0,nas-sp,compute_rhs5,0.041367,default-spec-unroll
amdgpu3,0,nas-sp,exact_rhs2,0.000737,default-spec-unroll
amdgpu3,0,nas-sp,initialize3,0.000669,default-spec-unroll
amdgpu3,0,nas-sp,compute_rhs2,0.015041,default-spec-unroll
amdgpu3,0,nas-sp,compute_rhs6,0.00853,default-spec-unroll
amdgpu3,0,nas-sp,y_solve,0.058053,default-spec-unroll
amdgpu3,0,nas-sp,exact_rhs1,0.000625,default-spec-unroll
amdgpu3,0,nas-sp,pinvr,0.009174,default-spec-unroll
amdgpu3,0,nas-sp,exact_rhs4,0.000734,default-spec-unroll
amdgpu3,0,nas-sp,compute_rhs1,0.013532,default-spec-unroll
amdgpu3,0,nas-sp,initialize5,0.000781,default-spec-unroll
amdgpu3,0,nas-sp,initialize1,0.000481,default-spec-unroll
amdgpu3,1,nas-sp,error_norm,0.000651,default-spec-unroll
amdgpu3,1,nas-sp,compute_rhs4,0.034273,default-spec-unroll
amdgpu3,1,nas-sp,ninvr,0.017656,default-spec-unroll
amdgpu3,1,nas-sp,initialize2,0.000755,default-spec-unroll
amdgpu3,1,nas-sp,add,0.008538,default-spec-unroll
amdgpu3,1,nas-sp,tzetar,0.029069,default-spec-unroll
amdgpu3,1,nas-sp,exact_rhs5,0.000667,default-spec-unroll
amdgpu3,1,nas-sp,compute_rhs3,0.03416,default-spec-unroll
amdgpu3,1,nas-sp,z_solve,0.036905,default-spec-unroll
amdgpu3,1,nas-sp,x_solve,0.049124,default-spec-unroll
amdgpu3,1,nas-sp,txinvr,0.011923,default-spec-unroll
amdgpu3,1,nas-sp,initialize4,0.000727,default-spec-unroll
amdgpu3,1,nas-sp,rhs_norm,0.000476,default-spec-unroll
amdgpu3,1,nas-sp,exact_rhs3,0.006154,default-spec-unroll
amdgpu3,1,nas-sp,compute_rhs5,0.045947,default-spec-unroll
amdgpu3,1,nas-sp,exact_rhs2,0.000799,default-spec-unroll
amdgpu3,1,nas-sp,initialize3,0.000737,default-spec-unroll
amdgpu3,1,nas-sp,compute_rhs2,0.007918,default-spec-unroll
amdgpu3,1,nas-sp,compute_rhs6,0.012118,default-spec-unroll
amdgpu3,1,nas-sp,y_solve,0.041868,default-spec-unroll
amdgpu3,1,nas-sp,exact_rhs1,0.000529,default-spec-unroll
amdgpu3,1,nas-sp,pinvr,0.007443,default-spec-unroll
amdgpu3,1,nas-sp,exact_rhs4,0.000762,default-spec-unroll
amdgpu3,1,nas-sp,compute_rhs1,0.009723,default-spec-unroll
amdgpu3,1,nas-sp,initialize5,0.000773,default-spec-unroll
amdgpu3,1,nas-sp,initialize1,0.004044,default-spec-unroll
amdgpu3,2,nas-sp,error_norm,0.00064,default-spec-unroll
amdgpu3,2,nas-sp,compute_rhs4,0.036635,default-spec-unroll
amdgpu3,2,nas-sp,ninvr,0.008334,default-spec-unroll
amdgpu3,2,nas-sp,initialize2,0.005738,default-spec-unroll
amdgpu3,2,nas-sp,add,0.01207,default-spec-unroll
amdgpu3,2,nas-sp,tzetar,0.013276,default-spec-unroll
amdgpu3,2,nas-sp,exact_rhs5,0.000452,default-spec-unroll
amdgpu3,2,nas-sp,compute_rhs3,0.032712,default-spec-unroll
amdgpu3,2,nas-sp,z_solve,0.046933,default-spec-unroll
amdgpu3,2,nas-sp,x_solve,0.043072,default-spec-unroll
amdgpu3,2,nas-sp,txinvr,0.016828,default-spec-unroll
amdgpu3,2,nas-sp,initialize4,0.000736,default-spec-unroll
amdgpu3,2,nas-sp,rhs_norm,0.003964,default-spec-unroll
amdgpu3,2,nas-sp,exact_rhs3,0.000749,default-spec-unroll
amdgpu3,2,nas-sp,compute_rhs5,0.033623,default-spec-unroll
amdgpu3,2,nas-sp,exact_rhs2,0.00086,default-spec-unroll
amdgpu3,2,nas-sp,initialize3,0.000754,default-spec-unroll
amdgpu3,2,nas-sp,compute_rhs2,0.008312,default-spec-unroll
amdgpu3,2,nas-sp,compute_rhs6,0.013247,default-spec-unroll
amdgpu3,2,nas-sp,y_solve,0.037823,default-spec-unroll
amdgpu3,2,nas-sp,exact_rhs1,0.000401,default-spec-unroll
amdgpu3,2,nas-sp,pinvr,0.007114,default-spec-unroll
amdgpu3,2,nas-sp,exact_rhs4,0.000695,default-spec-unroll
amdgpu3,2,nas-sp,compute_rhs1,0.00878,default-spec-unroll
amdgpu3,2,nas-sp,initialize5,0.003888,default-spec-unroll
amdgpu3,2,nas-sp,initialize1,0.000595,default-spec-unroll
amdgpu3,3,nas-sp,error_norm,0.000654,default-spec-unroll
amdgpu3,3,nas-sp,compute_rhs4,0.035581,default-spec-unroll
amdgpu3,3,nas-sp,ninvr,0.00716,default-spec-unroll
amdgpu3,3,nas-sp,initialize2,0.00064,default-spec-unroll
amdgpu3,3,nas-sp,add,0.012015,default-spec-unroll
amdgpu3,3,nas-sp,tzetar,0.011026,default-spec-unroll
amdgpu3,3,nas-sp,exact_rhs5,0.000428,default-spec-unroll
amdgpu3,3,nas-sp,compute_rhs3,0.03078,default-spec-unroll
amdgpu3,3,nas-sp,z_solve,0.042487,default-spec-unroll
amdgpu3,3,nas-sp,x_solve,0.050125,default-spec-unroll
amdgpu3,3,nas-sp,txinvr,0.019012,default-spec-unroll
amdgpu3,3,nas-sp,initialize4,0.007706,default-spec-unroll
amdgpu3,3,nas-sp,rhs_norm,0.000452,default-spec-unroll
amdgpu3,3,nas-sp,exact_rhs3,0.001376,default-spec-unroll
amdgpu3,3,nas-sp,compute_rhs5,0.027513,default-spec-unroll
amdgpu3,3,nas-sp,exact_rhs2,0.000872,default-spec-unroll
amdgpu3,3,nas-sp,initialize3,0.000667,default-spec-unroll
amdgpu3,3,nas-sp,compute_rhs2,0.01233,default-spec-unroll
amdgpu3,3,nas-sp,compute_rhs6,0.00846,default-spec-unroll
amdgpu3,3,nas-sp,y_solve,0.048011,default-spec-unroll
amdgpu3,3,nas-sp,exact_rhs1,0.001148,default-spec-unroll
amdgpu3,3,nas-sp,pinvr,0.012858,default-spec-unroll
amdgpu3,3,nas-sp,exact_rhs4,0.000778,default-spec-unroll
amdgpu3,3,nas-sp,compute_rhs1,0.013449,default-spec-unroll
amdgpu3,3,nas-sp,initialize5,0.000701,default-spec-unroll
amdgpu3,3,nas-sp,initialize1,0.000473,default-spec-unroll
amdgpu3,4,nas-sp,error_norm,0.000602,default-spec-unroll
amdgpu3,4,nas-sp,compute_rhs4,0.032919,default-spec-unroll
amdgpu3,4,nas-sp,ninvr,0.008744,default-spec-unroll
amdgpu3,4,nas-sp,initialize2,0.000829,default-spec-unroll
amdgpu3,4,nas-sp,add,0.008215,default-spec-unroll
amdgpu3,4,nas-sp,tzetar,0.017597,default-spec-unroll
amdgpu3,4,nas-sp,exact_rhs5,0.000396,default-spec-unroll
amdgpu3,4,nas-sp,compute_rhs3,0.042528,default-spec-unroll
amdgpu3,4,nas-sp,z_solve,0.045118,default-spec-unroll
amdgpu3,4,nas-sp,x_solve,0.047254,default-spec-unroll
amdgpu3,4,nas-sp,txinvr,0.016047,default-spec-unroll
amdgpu3,4,nas-sp,initialize4,0.000685,default-spec-unroll
amdgpu3,4,nas-sp,rhs_norm,0.003777,default-spec-unroll
amdgpu3,4,nas-sp,exact_rhs3,0.000777,default-spec-unroll
amdgpu3,4,nas-sp,compute_rhs5,0.029169,default-spec-unroll
amdgpu3,4,nas-sp,exact_rhs2,0.000908,default-spec-unroll
amdgpu3,4,nas-sp,initialize3,0.000891,default-spec-unroll
amdgpu3,4,nas-sp,compute_rhs2,0.008329,default-spec-unroll
amdgpu3,4,nas-sp,compute_rhs6,0.00927599999999999,default-spec-unroll
amdgpu3,4,nas-sp,y_solve,0.041434,default-spec-unroll
amdgpu3,4,nas-sp,exact_rhs1,0.000413,default-spec-unroll
amdgpu3,4,nas-sp,pinvr,0.012885,default-spec-unroll
amdgpu3,4,nas-sp,exact_rhs4,0.000708,default-spec-unroll
amdgpu3,4,nas-sp,compute_rhs1,0.008537,default-spec-unroll
amdgpu3,4,nas-sp,initialize5,0.000644,default-spec-unroll
amdgpu3,4,nas-sp,initialize1,0.000379,default-spec-unroll
amdgpu3,0,nas-cg,conj_grad_6,0.023511,default-spec-unroll
amdgpu3,0,nas-cg,main_0,0.001056,default-spec-unroll
amdgpu3,0,nas-cg,makea_1,0.113073,default-spec-unroll
amdgpu3,0,nas-cg,conj_grad_1,0.007974,default-spec-unroll
amdgpu3,0,nas-cg,conj_grad_0,0.00178,default-spec-unroll
amdgpu3,0,nas-cg,makea_2,0.000794,default-spec-unroll
amdgpu3,0,nas-cg,conj_grad_3,0.082885,default-spec-unroll
amdgpu3,0,nas-cg,makea_0,0.920395,default-spec-unroll
amdgpu3,0,nas-cg,makea_6,0.00723,default-spec-unroll
amdgpu3,0,nas-cg,main_3,0.001954,default-spec-unroll
amdgpu3,0,nas-cg,conj_grad_7,0.001894,default-spec-unroll
amdgpu3,0,nas-cg,init_mem_0,0.005178,default-spec-unroll
amdgpu3,0,nas-cg,main_2,0.000557,default-spec-unroll
amdgpu3,0,nas-cg,main_4,0.004762,default-spec-unroll
amdgpu3,0,nas-cg,makea_5,0.004626,default-spec-unroll
amdgpu3,0,nas-cg,conj_grad_5,0.0702679999999999,default-spec-unroll
amdgpu3,0,nas-cg,makea_4,0.000438,default-spec-unroll
amdgpu3,0,nas-cg,conj_grad_4,0.099227,default-spec-unroll
amdgpu3,0,nas-cg,makea_7,0.000381,default-spec-unroll
amdgpu3,0,nas-cg,makea_3,4.326087,default-spec-unroll
amdgpu3,0,nas-cg,main_1,0.002826,default-spec-unroll
amdgpu3,0,nas-cg,conj_grad_2,0.536838,default-spec-unroll
amdgpu3,0,nas-cg,init_mem_1,0.004027,default-spec-unroll
amdgpu3,1,nas-cg,conj_grad_6,0.018289,default-spec-unroll
amdgpu3,1,nas-cg,main_0,0.003088,default-spec-unroll
amdgpu3,1,nas-cg,makea_1,0.113053,default-spec-unroll
amdgpu3,1,nas-cg,conj_grad_1,0.001587,default-spec-unroll
amdgpu3,1,nas-cg,conj_grad_0,0.001963,default-spec-unroll
amdgpu3,1,nas-cg,makea_2,0.000823,default-spec-unroll
amdgpu3,1,nas-cg,conj_grad_3,0.093663,default-spec-unroll
amdgpu3,1,nas-cg,makea_0,0.89689,default-spec-unroll
amdgpu3,1,nas-cg,makea_6,0.007305,default-spec-unroll
amdgpu3,1,nas-cg,main_3,0.001857,default-spec-unroll
amdgpu3,1,nas-cg,conj_grad_7,0.001682,default-spec-unroll
amdgpu3,1,nas-cg,init_mem_0,0.000867,default-spec-unroll
amdgpu3,1,nas-cg,main_2,0.000433,default-spec-unroll
amdgpu3,1,nas-cg,main_4,0.001684,default-spec-unroll
amdgpu3,1,nas-cg,makea_5,0.001805,default-spec-unroll
amdgpu3,1,nas-cg,conj_grad_5,0.061119,default-spec-unroll
amdgpu3,1,nas-cg,makea_4,0.000565,default-spec-unroll
amdgpu3,1,nas-cg,conj_grad_4,0.0882019999999999,default-spec-unroll
amdgpu3,1,nas-cg,makea_7,0.000408,default-spec-unroll
amdgpu3,1,nas-cg,makea_3,4.324171,default-spec-unroll
amdgpu3,1,nas-cg,main_1,0.000665,default-spec-unroll
amdgpu3,1,nas-cg,conj_grad_2,0.523022,default-spec-unroll
amdgpu3,1,nas-cg,init_mem_1,0.002243,default-spec-unroll
amdgpu3,2,nas-cg,conj_grad_6,0.018038,default-spec-unroll
amdgpu3,2,nas-cg,main_0,0.0011,default-spec-unroll
amdgpu3,2,nas-cg,makea_1,0.113128,default-spec-unroll
amdgpu3,2,nas-cg,conj_grad_1,0.002355,default-spec-unroll
amdgpu3,2,nas-cg,conj_grad_0,0.001717,default-spec-unroll
amdgpu3,2,nas-cg,makea_2,0.001016,default-spec-unroll
amdgpu3,2,nas-cg,conj_grad_3,0.100855,default-spec-unroll
amdgpu3,2,nas-cg,makea_0,0.896679,default-spec-unroll
amdgpu3,2,nas-cg,makea_6,0.007269,default-spec-unroll
amdgpu3,2,nas-cg,main_3,0.009479,default-spec-unroll
amdgpu3,2,nas-cg,conj_grad_7,0.005987,default-spec-unroll
amdgpu3,2,nas-cg,init_mem_0,0.000623,default-spec-unroll
amdgpu3,2,nas-cg,main_2,0.001836,default-spec-unroll
amdgpu3,2,nas-cg,main_4,0.002087,default-spec-unroll
amdgpu3,2,nas-cg,makea_5,0.003602,default-spec-unroll
amdgpu3,2,nas-cg,conj_grad_5,0.096198,default-spec-unroll
amdgpu3,2,nas-cg,makea_4,0.000378,default-spec-unroll
amdgpu3,2,nas-cg,conj_grad_4,0.078219,default-spec-unroll
amdgpu3,2,nas-cg,makea_7,0.000566,default-spec-unroll
amdgpu3,2,nas-cg,makea_3,4.32353,default-spec-unroll
amdgpu3,2,nas-cg,main_1,0.000637,default-spec-unroll
amdgpu3,2,nas-cg,conj_grad_2,0.515479,default-spec-unroll
amdgpu3,2,nas-cg,init_mem_1,0.020945,default-spec-unroll
amdgpu3,3,nas-cg,conj_grad_6,0.018832,default-spec-unroll
amdgpu3,3,nas-cg,main_0,0.001062,default-spec-unroll
amdgpu3,3,nas-cg,makea_1,0.113758,default-spec-unroll
amdgpu3,3,nas-cg,conj_grad_1,0.001782,default-spec-unroll
amdgpu3,3,nas-cg,conj_grad_0,0.003024,default-spec-unroll
amdgpu3,3,nas-cg,makea_2,0.00091,default-spec-unroll
amdgpu3,3,nas-cg,conj_grad_3,0.073339,default-spec-unroll
amdgpu3,3,nas-cg,makea_0,0.896494,default-spec-unroll
amdgpu3,3,nas-cg,makea_6,0.00725,default-spec-unroll
amdgpu3,3,nas-cg,main_3,0.006401,default-spec-unroll
amdgpu3,3,nas-cg,conj_grad_7,0.004639,default-spec-unroll
amdgpu3,3,nas-cg,init_mem_0,0.000796,default-spec-unroll
amdgpu3,3,nas-cg,main_2,0.000455,default-spec-unroll
amdgpu3,3,nas-cg,main_4,0.00188,default-spec-unroll
amdgpu3,3,nas-cg,makea_5,0.004962,default-spec-unroll
amdgpu3,3,nas-cg,conj_grad_5,0.0816069999999999,default-spec-unroll
amdgpu3,3,nas-cg,makea_4,0.000366,default-spec-unroll
amdgpu3,3,nas-cg,conj_grad_4,0.109964,default-spec-unroll
amdgpu3,3,nas-cg,makea_7,0.000381,default-spec-unroll
amdgpu3,3,nas-cg,makea_3,4.327081,default-spec-unroll
amdgpu3,3,nas-cg,main_1,0.000457,default-spec-unroll
amdgpu3,3,nas-cg,conj_grad_2,0.49576,default-spec-unroll
amdgpu3,3,nas-cg,init_mem_1,0.01909,default-spec-unroll
amdgpu3,4,nas-cg,conj_grad_6,0.022185,default-spec-unroll
amdgpu3,4,nas-cg,main_0,0.001161,default-spec-unroll
amdgpu3,4,nas-cg,makea_1,0.113292,default-spec-unroll
amdgpu3,4,nas-cg,conj_grad_1,0.00431,default-spec-unroll
amdgpu3,4,nas-cg,conj_grad_0,0.001589,default-spec-unroll
amdgpu3,4,nas-cg,makea_2,0.001705,default-spec-unroll
amdgpu3,4,nas-cg,conj_grad_3,0.0715919999999999,default-spec-unroll
amdgpu3,4,nas-cg,makea_0,0.900481,default-spec-unroll
amdgpu3,4,nas-cg,makea_6,0.007275,default-spec-unroll
amdgpu3,4,nas-cg,main_3,0.001713,default-spec-unroll
amdgpu3,4,nas-cg,conj_grad_7,0.001712,default-spec-unroll
amdgpu3,4,nas-cg,init_mem_0,0.000854,default-spec-unroll
amdgpu3,4,nas-cg,main_2,0.000442,default-spec-unroll
amdgpu3,4,nas-cg,main_4,0.00156,default-spec-unroll
amdgpu3,4,nas-cg,makea_5,0.000791,default-spec-unroll
amdgpu3,4,nas-cg,conj_grad_5,0.067698,default-spec-unroll
amdgpu3,4,nas-cg,makea_4,0.000381,default-spec-unroll
amdgpu3,4,nas-cg,conj_grad_4,0.101044,default-spec-unroll
amdgpu3,4,nas-cg,makea_7,0.00043,default-spec-unroll
amdgpu3,4,nas-cg,makea_3,4.324597,default-spec-unroll
amdgpu3,4,nas-cg,main_1,0.000498,default-spec-unroll
amdgpu3,4,nas-cg,conj_grad_2,0.519671,default-spec-unroll
amdgpu3,4,nas-cg,init_mem_1,0.001864,default-spec-unroll
amdgpu3,0,nv-bs,BlackScholes,0.077458,default-spec-unroll
amdgpu3,1,nv-bs,BlackScholes,0.08232,default-spec-unroll
amdgpu3,2,nv-bs,BlackScholes,0.079035,default-spec-unroll
amdgpu3,3,nv-bs,BlackScholes,0.082976,default-spec-unroll
amdgpu3,4,nv-bs,BlackScholes,0.080032,default-spec-unroll
amdgpu3,0,nv-dct,DCT8x8,0.059185,default-spec-unroll
amdgpu3,1,nv-dct,DCT8x8,0.061831,default-spec-unroll
amdgpu3,2,nv-dct,DCT8x8,0.064129,default-spec-unroll
amdgpu3,3,nv-dct,DCT8x8,0.065487,default-spec-unroll
amdgpu3,4,nv-dct,DCT8x8,0.062153,default-spec-unroll
amdgpu3,0,nv-fdtd,FiniteDifferences,0.068308,default-spec-unroll
amdgpu3,1,nv-fdtd,FiniteDifferences,0.057187,default-spec-unroll
amdgpu3,2,nv-fdtd,FiniteDifferences,0.057173,default-spec-unroll
amdgpu3,3,nv-fdtd,FiniteDifferences,0.064128,default-spec-unroll
amdgpu3,4,nv-fdtd,FiniteDifferences,0.061653,default-spec-unroll
amdgpu3,0,particlefilter,find_index_kernel,4.345875,default-spec-unroll
amdgpu3,0,particlefilter,normalize_weights_kernel,3.454468,default-spec-unroll
amdgpu3,0,particlefilter,likelihood_kernel,0.564456,default-spec-unroll
amdgpu3,0,particlefilter,sum_kernel,0.00881,default-spec-unroll
amdgpu3,1,particlefilter,find_index_kernel,4.383796,default-spec-unroll
amdgpu3,1,particlefilter,normalize_weights_kernel,3.443175,default-spec-unroll
amdgpu3,1,particlefilter,likelihood_kernel,0.543846,default-spec-unroll
amdgpu3,1,particlefilter,sum_kernel,0.008341,default-spec-unroll
amdgpu3,2,particlefilter,find_index_kernel,4.383885,default-spec-unroll
amdgpu3,2,particlefilter,normalize_weights_kernel,3.439915,default-spec-unroll
amdgpu3,2,particlefilter,likelihood_kernel,0.566886,default-spec-unroll
amdgpu3,2,particlefilter,sum_kernel,0.00859,default-spec-unroll
amdgpu3,3,particlefilter,find_index_kernel,4.384682,default-spec-unroll
amdgpu3,3,particlefilter,normalize_weights_kernel,3.439087,default-spec-unroll
amdgpu3,3,particlefilter,likelihood_kernel,0.561205,default-spec-unroll
amdgpu3,3,particlefilter,sum_kernel,0.008058,default-spec-unroll
amdgpu3,4,particlefilter,find_index_kernel,4.384494,default-spec-unroll
amdgpu3,4,particlefilter,normalize_weights_kernel,3.446124,default-spec-unroll
amdgpu3,4,particlefilter,likelihood_kernel,0.557469,default-spec-unroll
amdgpu3,4,particlefilter,sum_kernel,0.008249,default-spec-unroll
