nvidia0,0,blur,blur_ver,1.438742,default
nvidia0,0,blur,blur_hor,1.511505,default
nvidia0,1,blur,blur_ver,1.438856,default
nvidia0,1,blur,blur_hor,1.511658,default
nvidia0,2,blur,blur_ver,1.438682,default
nvidia0,2,blur,blur_hor,1.511571,default
nvidia0,3,blur,blur_ver,1.438779,default
nvidia0,3,blur,blur_hor,1.512294,default
nvidia0,4,blur,blur_ver,1.438771,default
nvidia0,4,blur,blur_hor,1.511448,default
nvidia0,0,mandelbrot,mandelGPU,0.242341,default
nvidia0,1,mandelbrot,mandelGPU,0.243478,default
nvidia0,2,mandelbrot,mandelGPU,0.244179,default
nvidia0,3,mandelbrot,mandelGPU,0.244358,default
nvidia0,4,mandelbrot,mandelGPU,0.244236,default
nvidia0,0,mbdemo,mandelbrot,1.268228,default
nvidia0,1,mbdemo,mandelbrot,1.268338,default
nvidia0,2,mbdemo,mandelbrot,1.267411,default
nvidia0,3,mbdemo,mandelbrot,1.272005,default
nvidia0,4,mbdemo,mandelbrot,1.277597,default
nvidia0,0,mmul,fmma,0.393362,default
nvidia0,1,mmul,fmma,0.393214,default
nvidia0,2,mmul,fmma,0.393279,default
nvidia0,3,mmul,fmma,0.393269,default
nvidia0,4,mmul,fmma,0.393288,default
nvidia0,0,nas-cg,conj_grad_6,0.034041,default
nvidia0,0,nas-cg,main_0,0.000548,default
nvidia0,0,nas-cg,makea_1,0.037453,default
nvidia0,0,nas-cg,conj_grad_1,0.000631,default
nvidia0,0,nas-cg,conj_grad_0,0.000757,default
nvidia0,0,nas-cg,makea_2,0.000171,default
nvidia0,0,nas-cg,conj_grad_3,0.0152100000000001,default
nvidia0,0,nas-cg,makea_0,0.411062,default
nvidia0,0,nas-cg,makea_6,0.01568,default
nvidia0,0,nas-cg,main_3,0.001009,default
nvidia0,0,nas-cg,conj_grad_7,0.000698,default
nvidia0,0,nas-cg,init_mem_0,0.000847,default
nvidia0,0,nas-cg,main_2,8e-05,default
nvidia0,0,nas-cg,main_4,0.000588,default
nvidia0,0,nas-cg,makea_5,0.000157,default
nvidia0,0,nas-cg,conj_grad_5,0.014119,default
nvidia0,0,nas-cg,makea_4,0.000151,default
nvidia0,0,nas-cg,conj_grad_4,0.017852,default
nvidia0,0,nas-cg,makea_7,0.000129,default
nvidia0,0,nas-cg,makea_3,0.885918,default
nvidia0,0,nas-cg,main_1,0.000172,default
nvidia0,0,nas-cg,conj_grad_2,0.849099999999999,default
nvidia0,0,nas-cg,init_mem_1,0.001454,default
nvidia0,1,nas-cg,conj_grad_6,0.033967,default
nvidia0,1,nas-cg,main_0,0.000474,default
nvidia0,1,nas-cg,makea_1,0.037471,default
nvidia0,1,nas-cg,conj_grad_1,0.000619,default
nvidia0,1,nas-cg,conj_grad_0,0.000706,default
nvidia0,1,nas-cg,makea_2,0.000109,default
nvidia0,1,nas-cg,conj_grad_3,0.01425,default
nvidia0,1,nas-cg,makea_0,0.411433,default
nvidia0,1,nas-cg,makea_6,0.015663,default
nvidia0,1,nas-cg,main_3,0.000812,default
nvidia0,1,nas-cg,conj_grad_7,0.00068,default
nvidia0,1,nas-cg,init_mem_0,0.000845,default
nvidia0,1,nas-cg,main_2,0.000106,default
nvidia0,1,nas-cg,main_4,0.0006,default
nvidia0,1,nas-cg,makea_5,0.000139,default
nvidia0,1,nas-cg,conj_grad_5,0.012324,default
nvidia0,1,nas-cg,makea_4,0.000107,default
nvidia0,1,nas-cg,conj_grad_4,0.016096,default
nvidia0,1,nas-cg,makea_7,0.000104,default
nvidia0,1,nas-cg,makea_3,0.873067,default
nvidia0,1,nas-cg,main_1,0.000169,default
nvidia0,1,nas-cg,conj_grad_2,0.847434999999999,default
nvidia0,1,nas-cg,init_mem_1,0.001371,default
nvidia0,2,nas-cg,conj_grad_6,0.033972,default
nvidia0,2,nas-cg,main_0,0.000477,default
nvidia0,2,nas-cg,makea_1,0.037477,default
nvidia0,2,nas-cg,conj_grad_1,0.000646,default
nvidia0,2,nas-cg,conj_grad_0,0.000675,default
nvidia0,2,nas-cg,makea_2,0.000136,default
nvidia0,2,nas-cg,conj_grad_3,0.0141200000000001,default
nvidia0,2,nas-cg,makea_0,0.411408,default
nvidia0,2,nas-cg,makea_6,0.015714,default
nvidia0,2,nas-cg,main_3,0.001022,default
nvidia0,2,nas-cg,conj_grad_7,0.000632,default
nvidia0,2,nas-cg,init_mem_0,0.000601,default
nvidia0,2,nas-cg,main_2,0.000119,default
nvidia0,2,nas-cg,main_4,0.000593,default
nvidia0,2,nas-cg,makea_5,0.000144,default
nvidia0,2,nas-cg,conj_grad_5,0.013324,default
nvidia0,2,nas-cg,makea_4,0.000219,default
nvidia0,2,nas-cg,conj_grad_4,0.017424,default
nvidia0,2,nas-cg,makea_7,0.000106,default
nvidia0,2,nas-cg,makea_3,0.874492,default
nvidia0,2,nas-cg,main_1,0.000409,default
nvidia0,2,nas-cg,conj_grad_2,0.847807999999999,default
nvidia0,2,nas-cg,init_mem_1,0.001074,default
nvidia0,3,nas-cg,conj_grad_6,0.033952,default
nvidia0,3,nas-cg,main_0,0.000477,default
nvidia0,3,nas-cg,makea_1,0.037475,default
nvidia0,3,nas-cg,conj_grad_1,0.000625,default
nvidia0,3,nas-cg,conj_grad_0,0.000919,default
nvidia0,3,nas-cg,makea_2,0.000135,default
nvidia0,3,nas-cg,conj_grad_3,0.013921,default
nvidia0,3,nas-cg,makea_0,0.411111,default
nvidia0,3,nas-cg,makea_6,0.015803,default
nvidia0,3,nas-cg,main_3,0.001027,default
nvidia0,3,nas-cg,conj_grad_7,0.000655,default
nvidia0,3,nas-cg,init_mem_0,0.000794,default
nvidia0,3,nas-cg,main_2,0.00011,default
nvidia0,3,nas-cg,main_4,0.000567,default
nvidia0,3,nas-cg,makea_5,0.000159,default
nvidia0,3,nas-cg,conj_grad_5,0.013788,default
nvidia0,3,nas-cg,makea_4,0.000152,default
nvidia0,3,nas-cg,conj_grad_4,0.017141,default
nvidia0,3,nas-cg,makea_7,0.000101,default
nvidia0,3,nas-cg,makea_3,0.868945,default
nvidia0,3,nas-cg,main_1,0.000138,default
nvidia0,3,nas-cg,conj_grad_2,0.847345999999999,default
nvidia0,3,nas-cg,init_mem_1,0.001015,default
nvidia0,4,nas-cg,conj_grad_6,0.034015,default
nvidia0,4,nas-cg,main_0,0.00048,default
nvidia0,4,nas-cg,makea_1,0.037504,default
nvidia0,4,nas-cg,conj_grad_1,0.000717,default
nvidia0,4,nas-cg,conj_grad_0,0.000768,default
nvidia0,4,nas-cg,makea_2,0.000144,default
nvidia0,4,nas-cg,conj_grad_3,0.015743,default
nvidia0,4,nas-cg,makea_0,0.41143,default
nvidia0,4,nas-cg,makea_6,0.015924,default
nvidia0,4,nas-cg,main_3,0.001065,default
nvidia0,4,nas-cg,conj_grad_7,0.000749,default
nvidia0,4,nas-cg,init_mem_0,0.000817,default
nvidia0,4,nas-cg,main_2,0.000114,default
nvidia0,4,nas-cg,main_4,0.000665,default
nvidia0,4,nas-cg,makea_5,0.000143,default
nvidia0,4,nas-cg,conj_grad_5,0.014081,default
nvidia0,4,nas-cg,makea_4,0.000163,default
nvidia0,4,nas-cg,conj_grad_4,0.018395,default
nvidia0,4,nas-cg,makea_7,0.000105,default
nvidia0,4,nas-cg,makea_3,0.898181,default
nvidia0,4,nas-cg,main_1,0.000145,default
nvidia0,4,nas-cg,conj_grad_2,0.849034999999999,default
nvidia0,4,nas-cg,init_mem_1,0.001385,default
nvidia0,0,nas-is,full_verify0,0.004812,default
nvidia0,0,nas-is,rank2,1.470298,default
nvidia0,0,nas-is,full_verify1,0.213728,default
nvidia0,0,nas-is,rank3_1,0.000683,default
nvidia0,0,nas-is,rank3_0,0.009465,default
nvidia0,0,nas-is,full_verify2,0.012885,default
nvidia0,0,nas-is,rank3_2,0.00321,default
nvidia0,0,nas-is,rank4,0.000589,default
nvidia0,0,nas-is,rank0,0.000739,default
nvidia0,0,nas-is,rank1,0.001982,default
nvidia0,0,nas-is,create_seq,0.08258,default
nvidia0,1,nas-is,full_verify0,0.004806,default
nvidia0,1,nas-is,rank2,1.470227,default
nvidia0,1,nas-is,full_verify1,0.213636,default
nvidia0,1,nas-is,rank3_1,0.000405,default
nvidia0,1,nas-is,rank3_0,0.009211,default
nvidia0,1,nas-is,full_verify2,0.0129,default
nvidia0,1,nas-is,rank3_2,0.003161,default
nvidia0,1,nas-is,rank4,0.000471,default
nvidia0,1,nas-is,rank0,0.000802,default
nvidia0,1,nas-is,rank1,0.001883,default
nvidia0,1,nas-is,create_seq,0.082951,default
nvidia0,2,nas-is,full_verify0,0.004857,default
nvidia0,2,nas-is,rank2,1.470256,default
nvidia0,2,nas-is,full_verify1,0.213609,default
nvidia0,2,nas-is,rank3_1,0.000434,default
nvidia0,2,nas-is,rank3_0,0.008898,default
nvidia0,2,nas-is,full_verify2,0.012847,default
nvidia0,2,nas-is,rank3_2,0.003141,default
nvidia0,2,nas-is,rank4,0.000515,default
nvidia0,2,nas-is,rank0,0.000828,default
nvidia0,2,nas-is,rank1,0.001848,default
nvidia0,2,nas-is,create_seq,0.082908,default
nvidia0,3,nas-is,full_verify0,0.004785,default
nvidia0,3,nas-is,rank2,1.470264,default
nvidia0,3,nas-is,full_verify1,0.213638,default
nvidia0,3,nas-is,rank3_1,0.000435,default
nvidia0,3,nas-is,rank3_0,0.009024,default
nvidia0,3,nas-is,full_verify2,0.012842,default
nvidia0,3,nas-is,rank3_2,0.003132,default
nvidia0,3,nas-is,rank4,0.00052,default
nvidia0,3,nas-is,rank0,0.000931,default
nvidia0,3,nas-is,rank1,0.0021,default
nvidia0,3,nas-is,create_seq,0.083181,default
nvidia0,4,nas-is,full_verify0,0.004881,default
nvidia0,4,nas-is,rank2,1.470326,default
nvidia0,4,nas-is,full_verify1,0.213535,default
nvidia0,4,nas-is,rank3_1,0.000452,default
nvidia0,4,nas-is,rank3_0,0.008973,default
nvidia0,4,nas-is,full_verify2,0.012897,default
nvidia0,4,nas-is,rank3_2,0.003153,default
nvidia0,4,nas-is,rank4,0.000479,default
nvidia0,4,nas-is,rank0,0.000927,default
nvidia0,4,nas-is,rank1,0.001739,default
nvidia0,4,nas-is,create_seq,0.083166,default
nvidia0,0,nas-sp,error_norm,0.000449,default
nvidia0,0,nas-sp,compute_rhs4,0.01439,default
nvidia0,0,nas-sp,ninvr,0.003412,default
nvidia0,0,nas-sp,initialize2,0.000231,default
nvidia0,0,nas-sp,add,0.003626,default
nvidia0,0,nas-sp,tzetar,0.004028,default
nvidia0,0,nas-sp,exact_rhs5,0.000129,default
nvidia0,0,nas-sp,compute_rhs3,0.026051,default
nvidia0,0,nas-sp,z_solve,0.0637019999999999,default
nvidia0,0,nas-sp,x_solve,0.075583,default
nvidia0,0,nas-sp,txinvr,0.004171,default
nvidia0,0,nas-sp,initialize4,0.000175,default
nvidia0,0,nas-sp,rhs_norm,0.00019,default
nvidia0,0,nas-sp,exact_rhs3,0.000894,default
nvidia0,0,nas-sp,compute_rhs5,0.014754,default
nvidia0,0,nas-sp,exact_rhs2,0.001065,default
nvidia0,0,nas-sp,initialize3,0.000176,default
nvidia0,0,nas-sp,compute_rhs2,0.003461,default
nvidia0,0,nas-sp,compute_rhs6,0.003356,default
nvidia0,0,nas-sp,y_solve,0.0630660000000001,default
nvidia0,0,nas-sp,exact_rhs1,0.000128,default
nvidia0,0,nas-sp,pinvr,0.003452,default
nvidia0,0,nas-sp,exact_rhs4,0.00088,default
nvidia0,0,nas-sp,compute_rhs1,0.004265,default
nvidia0,0,nas-sp,initialize5,0.00019,default
nvidia0,0,nas-sp,initialize1,0.000279,default
nvidia0,1,nas-sp,error_norm,0.000435,default
nvidia0,1,nas-sp,compute_rhs4,0.014383,default
nvidia0,1,nas-sp,ninvr,0.003493,default
nvidia0,1,nas-sp,initialize2,0.000226,default
nvidia0,1,nas-sp,add,0.003721,default
nvidia0,1,nas-sp,tzetar,0.00411,default
nvidia0,1,nas-sp,exact_rhs5,9.4e-05,default
nvidia0,1,nas-sp,compute_rhs3,0.026045,default
nvidia0,1,nas-sp,z_solve,0.0635569999999999,default
nvidia0,1,nas-sp,x_solve,0.075449,default
nvidia0,1,nas-sp,txinvr,0.004272,default
nvidia0,1,nas-sp,initialize4,0.000167,default
nvidia0,1,nas-sp,rhs_norm,0.000174,default
nvidia0,1,nas-sp,exact_rhs3,0.000908,default
nvidia0,1,nas-sp,compute_rhs5,0.014782,default
nvidia0,1,nas-sp,exact_rhs2,0.001064,default
nvidia0,1,nas-sp,initialize3,0.000176,default
nvidia0,1,nas-sp,compute_rhs2,0.003532,default
nvidia0,1,nas-sp,compute_rhs6,0.003452,default
nvidia0,1,nas-sp,y_solve,0.0631550000000001,default
nvidia0,1,nas-sp,exact_rhs1,0.00013,default
nvidia0,1,nas-sp,pinvr,0.003588,default
nvidia0,1,nas-sp,exact_rhs4,0.000898,default
nvidia0,1,nas-sp,compute_rhs1,0.00433500000000001,default
nvidia0,1,nas-sp,initialize5,0.000169,default
nvidia0,1,nas-sp,initialize1,0.000525,default
nvidia0,2,nas-sp,error_norm,0.000442,default
nvidia0,2,nas-sp,compute_rhs4,0.014249,default
nvidia0,2,nas-sp,ninvr,0.003458,default
nvidia0,2,nas-sp,initialize2,0.000226,default
nvidia0,2,nas-sp,add,0.003561,default
nvidia0,2,nas-sp,tzetar,0.003957,default
nvidia0,2,nas-sp,exact_rhs5,0.000101,default
nvidia0,2,nas-sp,compute_rhs3,0.025901,default
nvidia0,2,nas-sp,z_solve,0.0634739999999999,default
nvidia0,2,nas-sp,x_solve,0.075531,default
nvidia0,2,nas-sp,txinvr,0.00412,default
nvidia0,2,nas-sp,initialize4,0.000218,default
nvidia0,2,nas-sp,rhs_norm,0.000175,default
nvidia0,2,nas-sp,exact_rhs3,0.00091,default
nvidia0,2,nas-sp,compute_rhs5,0.014575,default
nvidia0,2,nas-sp,exact_rhs2,0.001064,default
nvidia0,2,nas-sp,initialize3,0.000177,default
nvidia0,2,nas-sp,compute_rhs2,0.003385,default
nvidia0,2,nas-sp,compute_rhs6,0.003303,default
nvidia0,2,nas-sp,y_solve,0.0631020000000001,default
nvidia0,2,nas-sp,exact_rhs1,0.000131,default
nvidia0,2,nas-sp,pinvr,0.003397,default
nvidia0,2,nas-sp,exact_rhs4,0.000879,default
nvidia0,2,nas-sp,compute_rhs1,0.004045,default
nvidia0,2,nas-sp,initialize5,0.000164,default
nvidia0,2,nas-sp,initialize1,0.000279,default
nvidia0,3,nas-sp,error_norm,0.000452,default
nvidia0,3,nas-sp,compute_rhs4,0.014506,default
nvidia0,3,nas-sp,ninvr,0.003412,default
nvidia0,3,nas-sp,initialize2,0.000231,default
nvidia0,3,nas-sp,add,0.003553,default
nvidia0,3,nas-sp,tzetar,0.003976,default
nvidia0,3,nas-sp,exact_rhs5,9.7e-05,default
nvidia0,3,nas-sp,compute_rhs3,0.026204,default
nvidia0,3,nas-sp,z_solve,0.0635019999999999,default
nvidia0,3,nas-sp,x_solve,0.075353,default
nvidia0,3,nas-sp,txinvr,0.004162,default
nvidia0,3,nas-sp,initialize4,0.000166,default
nvidia0,3,nas-sp,rhs_norm,0.000171,default
nvidia0,3,nas-sp,exact_rhs3,0.00096,default
nvidia0,3,nas-sp,compute_rhs5,0.014876,default
nvidia0,3,nas-sp,exact_rhs2,0.001064,default
nvidia0,3,nas-sp,initialize3,0.000176,default
nvidia0,3,nas-sp,compute_rhs2,0.003623,default
nvidia0,3,nas-sp,compute_rhs6,0.003314,default
nvidia0,3,nas-sp,y_solve,0.0631060000000001,default
nvidia0,3,nas-sp,exact_rhs1,0.000131,default
nvidia0,3,nas-sp,pinvr,0.003444,default
nvidia0,3,nas-sp,exact_rhs4,0.000878,default
nvidia0,3,nas-sp,compute_rhs1,0.004149,default
nvidia0,3,nas-sp,initialize5,0.000166,default
nvidia0,3,nas-sp,initialize1,0.000279,default
nvidia0,4,nas-sp,error_norm,0.000435,default
nvidia0,4,nas-sp,compute_rhs4,0.01455,default
nvidia0,4,nas-sp,ninvr,0.003382,default
nvidia0,4,nas-sp,initialize2,0.000234,default
nvidia0,4,nas-sp,add,0.00364,default
nvidia0,4,nas-sp,tzetar,0.004034,default
nvidia0,4,nas-sp,exact_rhs5,0.0001,default
nvidia0,4,nas-sp,compute_rhs3,0.026211,default
nvidia0,4,nas-sp,z_solve,0.0634729999999999,default
nvidia0,4,nas-sp,x_solve,0.075418,default
nvidia0,4,nas-sp,txinvr,0.004144,default
nvidia0,4,nas-sp,initialize4,0.000169,default
nvidia0,4,nas-sp,rhs_norm,0.000163,default
nvidia0,4,nas-sp,exact_rhs3,0.00091,default
nvidia0,4,nas-sp,compute_rhs5,0.014621,default
nvidia0,4,nas-sp,exact_rhs2,0.001066,default
nvidia0,4,nas-sp,initialize3,0.000183,default
nvidia0,4,nas-sp,compute_rhs2,0.003429,default
nvidia0,4,nas-sp,compute_rhs6,0.003315,default
nvidia0,4,nas-sp,y_solve,0.063044,default
nvidia0,4,nas-sp,exact_rhs1,0.000188,default
nvidia0,4,nas-sp,pinvr,0.00339,default
nvidia0,4,nas-sp,exact_rhs4,0.000881,default
nvidia0,4,nas-sp,compute_rhs1,0.004205,default
nvidia0,4,nas-sp,initialize5,0.00017,default
nvidia0,4,nas-sp,initialize1,0.000283,default
nvidia0,0,nv-bs,BlackScholes,0.048956,default
nvidia0,1,nv-bs,BlackScholes,0.050463,default
nvidia0,2,nv-bs,BlackScholes,0.05479,default
nvidia0,3,nv-bs,BlackScholes,0.054894,default
nvidia0,4,nv-bs,BlackScholes,0.055156,default
nvidia0,0,nv-dct,DCT8x8,0.036241,default
nvidia0,1,nv-dct,DCT8x8,0.031759,default
nvidia0,2,nv-dct,DCT8x8,0.036505,default
nvidia0,3,nv-dct,DCT8x8,0.031154,default
nvidia0,4,nv-dct,DCT8x8,0.035755,default
nvidia0,0,nv-fdtd,FiniteDifferences,0.099889,default
nvidia0,1,nv-fdtd,FiniteDifferences,0.099398,default
nvidia0,2,nv-fdtd,FiniteDifferences,0.099678,default
nvidia0,3,nv-fdtd,FiniteDifferences,0.099645,default
nvidia0,4,nv-fdtd,FiniteDifferences,0.099812,default
nvidia0,0,particlefilter,find_index_kernel,27.513777,default
nvidia0,0,particlefilter,normalize_weights_kernel,0.41416,default
nvidia0,0,particlefilter,likelihood_kernel,2.20309,default
nvidia0,0,particlefilter,sum_kernel,0.001138,default
nvidia0,1,particlefilter,find_index_kernel,24.750533,default
nvidia0,1,particlefilter,normalize_weights_kernel,0.414143,default
nvidia0,1,particlefilter,likelihood_kernel,2.207373,default
nvidia0,1,particlefilter,sum_kernel,0.000917,default
nvidia0,2,particlefilter,find_index_kernel,24.737601,default
nvidia0,2,particlefilter,normalize_weights_kernel,0.414784,default
nvidia0,2,particlefilter,likelihood_kernel,2.209713,default
nvidia0,2,particlefilter,sum_kernel,0.000876,default
nvidia0,3,particlefilter,find_index_kernel,24.764941,default
nvidia0,3,particlefilter,normalize_weights_kernel,0.414144,default
nvidia0,3,particlefilter,likelihood_kernel,2.201302,default
nvidia0,3,particlefilter,sum_kernel,0.000906,default
nvidia0,4,particlefilter,find_index_kernel,24.736352,default
nvidia0,4,particlefilter,normalize_weights_kernel,0.414149,default
nvidia0,4,particlefilter,likelihood_kernel,2.208444,default
nvidia0,4,particlefilter,sum_kernel,0.000911,default
nvidia1,0,blur,blur_ver,2.113715,default-unroll
nvidia1,0,blur,blur_hor,2.046964,default-unroll
nvidia1,1,blur,blur_ver,2.113597,default-unroll
nvidia1,1,blur,blur_hor,2.04683,default-unroll
nvidia1,2,blur,blur_ver,2.113624,default-unroll
nvidia1,2,blur,blur_hor,2.046638,default-unroll
nvidia1,3,blur,blur_ver,2.113623,default-unroll
nvidia1,3,blur,blur_hor,2.046781,default-unroll
nvidia1,4,blur,blur_ver,2.113713,default-unroll
nvidia1,4,blur,blur_hor,2.046859,default-unroll
nvidia1,0,mandelbrot,mandelGPU,0.243919,default-unroll
nvidia1,1,mandelbrot,mandelGPU,0.24437,default-unroll
nvidia1,2,mandelbrot,mandelGPU,0.244075,default-unroll
nvidia1,3,mandelbrot,mandelGPU,0.243672,default-unroll
nvidia1,4,mandelbrot,mandelGPU,0.243822,default-unroll
nvidia1,0,mbdemo,mandelbrot,1.261029,default-unroll
nvidia1,1,mbdemo,mandelbrot,1.293679,default-unroll
nvidia1,2,mbdemo,mandelbrot,1.280646,default-unroll
nvidia1,3,mbdemo,mandelbrot,1.261067,default-unroll
nvidia1,4,mbdemo,mandelbrot,1.276615,default-unroll
nvidia1,0,mmul,fmma,0.708348,default-unroll
nvidia1,1,mmul,fmma,0.708471,default-unroll
nvidia1,2,mmul,fmma,0.708421,default-unroll
nvidia1,3,mmul,fmma,0.708467,default-unroll
nvidia1,4,mmul,fmma,0.708372,default-unroll
nvidia1,0,nas-cg,conj_grad_6,0.03404,default-unroll
nvidia1,0,nas-cg,main_0,0.000549,default-unroll
nvidia1,0,nas-cg,makea_1,0.039115,default-unroll
nvidia1,0,nas-cg,conj_grad_1,0.000729,default-unroll
nvidia1,0,nas-cg,conj_grad_0,0.000681,default-unroll
nvidia1,0,nas-cg,makea_2,0.000185,default-unroll
nvidia1,0,nas-cg,conj_grad_3,0.0153860000000001,default-unroll
nvidia1,0,nas-cg,makea_0,0.412044,default-unroll
nvidia1,0,nas-cg,makea_6,0.015731,default-unroll
nvidia1,0,nas-cg,main_3,0.000752,default-unroll
nvidia1,0,nas-cg,conj_grad_7,0.000707,default-unroll
nvidia1,0,nas-cg,init_mem_0,0.000521,default-unroll
nvidia1,0,nas-cg,main_2,0.000115,default-unroll
nvidia1,0,nas-cg,main_4,0.000609,default-unroll
nvidia1,0,nas-cg,makea_5,0.000213,default-unroll
nvidia1,0,nas-cg,conj_grad_5,0.014028,default-unroll
nvidia1,0,nas-cg,makea_4,0.000163,default-unroll
nvidia1,0,nas-cg,conj_grad_4,0.017653,default-unroll
nvidia1,0,nas-cg,makea_7,9.7e-05,default-unroll
nvidia1,0,nas-cg,makea_3,0.889442,default-unroll
nvidia1,0,nas-cg,main_1,0.000154,default-unroll
nvidia1,0,nas-cg,conj_grad_2,0.848589999999999,default-unroll
nvidia1,0,nas-cg,init_mem_1,0.001078,default-unroll
nvidia1,1,nas-cg,conj_grad_6,0.034043,default-unroll
nvidia1,1,nas-cg,main_0,0.00048,default-unroll
nvidia1,1,nas-cg,makea_1,0.038806,default-unroll
nvidia1,1,nas-cg,conj_grad_1,0.000726,default-unroll
nvidia1,1,nas-cg,conj_grad_0,0.000689,default-unroll
nvidia1,1,nas-cg,makea_2,0.000184,default-unroll
nvidia1,1,nas-cg,conj_grad_3,0.016162,default-unroll
nvidia1,1,nas-cg,makea_0,0.412168,default-unroll
nvidia1,1,nas-cg,makea_6,0.015695,default-unroll
nvidia1,1,nas-cg,main_3,0.000809,default-unroll
nvidia1,1,nas-cg,conj_grad_7,0.000712,default-unroll
nvidia1,1,nas-cg,init_mem_0,0.000779,default-unroll
nvidia1,1,nas-cg,main_2,0.000109,default-unroll
nvidia1,1,nas-cg,main_4,0.000605,default-unroll
nvidia1,1,nas-cg,makea_5,0.000182,default-unroll
nvidia1,1,nas-cg,conj_grad_5,0.0140259999999999,default-unroll
nvidia1,1,nas-cg,makea_4,0.000265,default-unroll
nvidia1,1,nas-cg,conj_grad_4,0.017533,default-unroll
nvidia1,1,nas-cg,makea_7,0.000103,default-unroll
nvidia1,1,nas-cg,makea_3,0.870282,default-unroll
nvidia1,1,nas-cg,main_1,0.000146,default-unroll
nvidia1,1,nas-cg,conj_grad_2,0.849066999999999,default-unroll
nvidia1,1,nas-cg,init_mem_1,0.001368,default-unroll
nvidia1,2,nas-cg,conj_grad_6,0.033981,default-unroll
nvidia1,2,nas-cg,main_0,0.000501,default-unroll
nvidia1,2,nas-cg,makea_1,0.038809,default-unroll
nvidia1,2,nas-cg,conj_grad_1,0.000648,default-unroll
nvidia1,2,nas-cg,conj_grad_0,0.000697,default-unroll
nvidia1,2,nas-cg,makea_2,0.000176,default-unroll
nvidia1,2,nas-cg,conj_grad_3,0.015108,default-unroll
nvidia1,2,nas-cg,makea_0,0.412197,default-unroll
nvidia1,2,nas-cg,makea_6,0.015703,default-unroll
nvidia1,2,nas-cg,main_3,0.00103,default-unroll
nvidia1,2,nas-cg,conj_grad_7,0.000652,default-unroll
nvidia1,2,nas-cg,init_mem_0,0.000765,default-unroll
nvidia1,2,nas-cg,main_2,0.000128,default-unroll
nvidia1,2,nas-cg,main_4,0.000578,default-unroll
nvidia1,2,nas-cg,makea_5,0.00018,default-unroll
nvidia1,2,nas-cg,conj_grad_5,0.013665,default-unroll
nvidia1,2,nas-cg,makea_4,0.000156,default-unroll
nvidia1,2,nas-cg,conj_grad_4,0.017218,default-unroll
nvidia1,2,nas-cg,makea_7,0.000104,default-unroll
nvidia1,2,nas-cg,makea_3,0.861686,default-unroll
nvidia1,2,nas-cg,main_1,0.000159,default-unroll
nvidia1,2,nas-cg,conj_grad_2,0.849149999999999,default-unroll
nvidia1,2,nas-cg,init_mem_1,0.001372,default-unroll
nvidia1,3,nas-cg,conj_grad_6,0.033971,default-unroll
nvidia1,3,nas-cg,main_0,0.00048,default-unroll
nvidia1,3,nas-cg,makea_1,0.038815,default-unroll
nvidia1,3,nas-cg,conj_grad_1,0.000643,default-unroll
nvidia1,3,nas-cg,conj_grad_0,0.000665,default-unroll
nvidia1,3,nas-cg,makea_2,0.000202,default-unroll
nvidia1,3,nas-cg,conj_grad_3,0.014636,default-unroll
nvidia1,3,nas-cg,makea_0,0.412224,default-unroll
nvidia1,3,nas-cg,makea_6,0.015737,default-unroll
nvidia1,3,nas-cg,main_3,0.000791,default-unroll
nvidia1,3,nas-cg,conj_grad_7,0.000656,default-unroll
nvidia1,3,nas-cg,init_mem_0,0.000757,default-unroll
nvidia1,3,nas-cg,main_2,0.00011,default-unroll
nvidia1,3,nas-cg,main_4,0.0006,default-unroll
nvidia1,3,nas-cg,makea_5,0.000184,default-unroll
nvidia1,3,nas-cg,conj_grad_5,0.013761,default-unroll
nvidia1,3,nas-cg,makea_4,0.000148,default-unroll
nvidia1,3,nas-cg,conj_grad_4,0.017338,default-unroll
nvidia1,3,nas-cg,makea_7,0.000107,default-unroll
nvidia1,3,nas-cg,makea_3,0.865367,default-unroll
nvidia1,3,nas-cg,main_1,0.000187,default-unroll
nvidia1,3,nas-cg,conj_grad_2,0.847647999999999,default-unroll
nvidia1,3,nas-cg,init_mem_1,0.00141,default-unroll
nvidia1,4,nas-cg,conj_grad_6,0.033957,default-unroll
nvidia1,4,nas-cg,main_0,0.000483,default-unroll
nvidia1,4,nas-cg,makea_1,0.038809,default-unroll
nvidia1,4,nas-cg,conj_grad_1,0.000695,default-unroll
nvidia1,4,nas-cg,conj_grad_0,0.000677,default-unroll
nvidia1,4,nas-cg,makea_2,0.000184,default-unroll
nvidia1,4,nas-cg,conj_grad_3,0.0148050000000001,default-unroll
nvidia1,4,nas-cg,makea_0,0.411872,default-unroll
nvidia1,4,nas-cg,makea_6,0.015708,default-unroll
nvidia1,4,nas-cg,main_3,0.000798,default-unroll
nvidia1,4,nas-cg,conj_grad_7,0.000694,default-unroll
nvidia1,4,nas-cg,init_mem_0,0.000622,default-unroll
nvidia1,4,nas-cg,main_2,0.000105,default-unroll
nvidia1,4,nas-cg,main_4,0.000612,default-unroll
nvidia1,4,nas-cg,makea_5,0.000178,default-unroll
nvidia1,4,nas-cg,conj_grad_5,0.01392,default-unroll
nvidia1,4,nas-cg,makea_4,0.000164,default-unroll
nvidia1,4,nas-cg,conj_grad_4,0.017133,default-unroll
nvidia1,4,nas-cg,makea_7,0.000103,default-unroll
nvidia1,4,nas-cg,makea_3,0.88885,default-unroll
nvidia1,4,nas-cg,main_1,0.000159,default-unroll
nvidia1,4,nas-cg,conj_grad_2,0.848328,default-unroll
nvidia1,4,nas-cg,init_mem_1,0.001089,default-unroll
nvidia1,0,nas-is,full_verify0,0.004899,default-unroll
nvidia1,0,nas-is,rank2,1.470401,default-unroll
nvidia1,0,nas-is,full_verify1,0.213595,default-unroll
nvidia1,0,nas-is,rank3_1,0.000413,default-unroll
nvidia1,0,nas-is,rank3_0,0.008908,default-unroll
nvidia1,0,nas-is,full_verify2,0.012838,default-unroll
nvidia1,0,nas-is,rank3_2,0.003202,default-unroll
nvidia1,0,nas-is,rank4,0.000688,default-unroll
nvidia1,0,nas-is,rank0,0.000917,default-unroll
nvidia1,0,nas-is,rank1,0.002097,default-unroll
nvidia1,0,nas-is,create_seq,0.083317,default-unroll
nvidia1,1,nas-is,full_verify0,0.004661,default-unroll
nvidia1,1,nas-is,rank2,1.470205,default-unroll
nvidia1,1,nas-is,full_verify1,0.213701,default-unroll
nvidia1,1,nas-is,rank3_1,0.000425,default-unroll
nvidia1,1,nas-is,rank3_0,0.0092,default-unroll
nvidia1,1,nas-is,full_verify2,0.012841,default-unroll
nvidia1,1,nas-is,rank3_2,0.003125,default-unroll
nvidia1,1,nas-is,rank4,0.000513,default-unroll
nvidia1,1,nas-is,rank0,0.000806,default-unroll
nvidia1,1,nas-is,rank1,0.001865,default-unroll
nvidia1,1,nas-is,create_seq,0.084612,default-unroll
nvidia1,2,nas-is,full_verify0,0.004897,default-unroll
nvidia1,2,nas-is,rank2,1.469969,default-unroll
nvidia1,2,nas-is,full_verify1,0.213602,default-unroll
nvidia1,2,nas-is,rank3_1,0.000422,default-unroll
nvidia1,2,nas-is,rank3_0,0.009229,default-unroll
nvidia1,2,nas-is,full_verify2,0.012848,default-unroll
nvidia1,2,nas-is,rank3_2,0.003204,default-unroll
nvidia1,2,nas-is,rank4,0.000484,default-unroll
nvidia1,2,nas-is,rank0,0.00079,default-unroll
nvidia1,2,nas-is,rank1,0.001768,default-unroll
nvidia1,2,nas-is,create_seq,0.083737,default-unroll
nvidia1,3,nas-is,full_verify0,0.004808,default-unroll
nvidia1,3,nas-is,rank2,1.470367,default-unroll
nvidia1,3,nas-is,full_verify1,0.213724,default-unroll
nvidia1,3,nas-is,rank3_1,0.000436,default-unroll
nvidia1,3,nas-is,rank3_0,0.008925,default-unroll
nvidia1,3,nas-is,full_verify2,0.013217,default-unroll
nvidia1,3,nas-is,rank3_2,0.003213,default-unroll
nvidia1,3,nas-is,rank4,0.000513,default-unroll
nvidia1,3,nas-is,rank0,0.000975,default-unroll
nvidia1,3,nas-is,rank1,0.0021,default-unroll
nvidia1,3,nas-is,create_seq,0.083756,default-unroll
nvidia1,4,nas-is,full_verify0,0.004705,default-unroll
nvidia1,4,nas-is,rank2,1.470383,default-unroll
nvidia1,4,nas-is,full_verify1,0.21366,default-unroll
nvidia1,4,nas-is,rank3_1,0.000436,default-unroll
nvidia1,4,nas-is,rank3_0,0.008937,default-unroll
nvidia1,4,nas-is,full_verify2,0.012864,default-unroll
nvidia1,4,nas-is,rank3_2,0.003162,default-unroll
nvidia1,4,nas-is,rank4,0.000516,default-unroll
nvidia1,4,nas-is,rank0,0.000983,default-unroll
nvidia1,4,nas-is,rank1,0.002018,default-unroll
nvidia1,4,nas-is,create_seq,0.083255,default-unroll
nvidia1,0,nas-sp,error_norm,0.000428,default-unroll
nvidia1,0,nas-sp,compute_rhs4,0.015548,default-unroll
nvidia1,0,nas-sp,ninvr,0.003553,default-unroll
nvidia1,0,nas-sp,initialize2,0.000232,default-unroll
nvidia1,0,nas-sp,add,0.003523,default-unroll
nvidia1,0,nas-sp,tzetar,0.004148,default-unroll
nvidia1,0,nas-sp,exact_rhs5,9.7e-05,default-unroll
nvidia1,0,nas-sp,compute_rhs3,0.026591,default-unroll
nvidia1,0,nas-sp,z_solve,0.062398,default-unroll
nvidia1,0,nas-sp,x_solve,0.075904,default-unroll
nvidia1,0,nas-sp,txinvr,0.004304,default-unroll
nvidia1,0,nas-sp,initialize4,0.000192,default-unroll
nvidia1,0,nas-sp,rhs_norm,0.000183,default-unroll
nvidia1,0,nas-sp,exact_rhs3,0.000957,default-unroll
nvidia1,0,nas-sp,compute_rhs5,0.014965,default-unroll
nvidia1,0,nas-sp,exact_rhs2,0.001094,default-unroll
nvidia1,0,nas-sp,initialize3,0.000175,default-unroll
nvidia1,0,nas-sp,compute_rhs2,0.00363,default-unroll
nvidia1,0,nas-sp,compute_rhs6,0.003514,default-unroll
nvidia1,0,nas-sp,y_solve,0.0629529999999999,default-unroll
nvidia1,0,nas-sp,exact_rhs1,0.000134,default-unroll
nvidia1,0,nas-sp,pinvr,0.003619,default-unroll
nvidia1,0,nas-sp,exact_rhs4,0.000925,default-unroll
nvidia1,0,nas-sp,compute_rhs1,0.004233,default-unroll
nvidia1,0,nas-sp,initialize5,0.000164,default-unroll
nvidia1,0,nas-sp,initialize1,0.00028,default-unroll
nvidia1,1,nas-sp,error_norm,0.000436,default-unroll
nvidia1,1,nas-sp,compute_rhs4,0.015256,default-unroll
nvidia1,1,nas-sp,ninvr,0.003395,default-unroll
nvidia1,1,nas-sp,initialize2,0.000231,default-unroll
nvidia1,1,nas-sp,add,0.003541,default-unroll
nvidia1,1,nas-sp,tzetar,0.003938,default-unroll
nvidia1,1,nas-sp,exact_rhs5,9.6e-05,default-unroll
nvidia1,1,nas-sp,compute_rhs3,0.026288,default-unroll
nvidia1,1,nas-sp,z_solve,0.062484,default-unroll
nvidia1,1,nas-sp,x_solve,0.076055,default-unroll
nvidia1,1,nas-sp,txinvr,0.004145,default-unroll
nvidia1,1,nas-sp,initialize4,0.000166,default-unroll
nvidia1,1,nas-sp,rhs_norm,0.000218,default-unroll
nvidia1,1,nas-sp,exact_rhs3,0.000956,default-unroll
nvidia1,1,nas-sp,compute_rhs5,0.014735,default-unroll
nvidia1,1,nas-sp,exact_rhs2,0.001095,default-unroll
nvidia1,1,nas-sp,initialize3,0.000172,default-unroll
nvidia1,1,nas-sp,compute_rhs2,0.003456,default-unroll
nvidia1,1,nas-sp,compute_rhs6,0.003347,default-unroll
nvidia1,1,nas-sp,y_solve,0.0627059999999999,default-unroll
nvidia1,1,nas-sp,exact_rhs1,0.000134,default-unroll
nvidia1,1,nas-sp,pinvr,0.003534,default-unroll
nvidia1,1,nas-sp,exact_rhs4,0.000923,default-unroll
nvidia1,1,nas-sp,compute_rhs1,0.004265,default-unroll
nvidia1,1,nas-sp,initialize5,0.000157,default-unroll
nvidia1,1,nas-sp,initialize1,0.000273,default-unroll
nvidia1,2,nas-sp,error_norm,0.000427,default-unroll
nvidia1,2,nas-sp,compute_rhs4,0.015248,default-unroll
nvidia1,2,nas-sp,ninvr,0.003457,default-unroll
nvidia1,2,nas-sp,initialize2,0.000237,default-unroll
nvidia1,2,nas-sp,add,0.003591,default-unroll
nvidia1,2,nas-sp,tzetar,0.003992,default-unroll
nvidia1,2,nas-sp,exact_rhs5,9.9e-05,default-unroll
nvidia1,2,nas-sp,compute_rhs3,0.026351,default-unroll
nvidia1,2,nas-sp,z_solve,0.062311,default-unroll
nvidia1,2,nas-sp,x_solve,0.075759,default-unroll
nvidia1,2,nas-sp,txinvr,0.004262,default-unroll
nvidia1,2,nas-sp,initialize4,0.000181,default-unroll
nvidia1,2,nas-sp,rhs_norm,0.000218,default-unroll
nvidia1,2,nas-sp,exact_rhs3,0.000957,default-unroll
nvidia1,2,nas-sp,compute_rhs5,0.014836,default-unroll
nvidia1,2,nas-sp,exact_rhs2,0.001104,default-unroll
nvidia1,2,nas-sp,initialize3,0.000173,default-unroll
nvidia1,2,nas-sp,compute_rhs2,0.003496,default-unroll
nvidia1,2,nas-sp,compute_rhs6,0.003319,default-unroll
nvidia1,2,nas-sp,y_solve,0.0628779999999999,default-unroll
nvidia1,2,nas-sp,exact_rhs1,0.000135,default-unroll
nvidia1,2,nas-sp,pinvr,0.003429,default-unroll
nvidia1,2,nas-sp,exact_rhs4,0.000929,default-unroll
nvidia1,2,nas-sp,compute_rhs1,0.004216,default-unroll
nvidia1,2,nas-sp,initialize5,0.000167,default-unroll
nvidia1,2,nas-sp,initialize1,0.000287,default-unroll
nvidia1,3,nas-sp,error_norm,0.000437,default-unroll
nvidia1,3,nas-sp,compute_rhs4,0.015291,default-unroll
nvidia1,3,nas-sp,ninvr,0.003428,default-unroll
nvidia1,3,nas-sp,initialize2,0.000232,default-unroll
nvidia1,3,nas-sp,add,0.003666,default-unroll
nvidia1,3,nas-sp,tzetar,0.004007,default-unroll
nvidia1,3,nas-sp,exact_rhs5,9.7e-05,default-unroll
nvidia1,3,nas-sp,compute_rhs3,0.026403,default-unroll
nvidia1,3,nas-sp,z_solve,0.062409,default-unroll
nvidia1,3,nas-sp,x_solve,0.075943,default-unroll
nvidia1,3,nas-sp,txinvr,0.004335,default-unroll
nvidia1,3,nas-sp,initialize4,0.000176,default-unroll
nvidia1,3,nas-sp,rhs_norm,0.000175,default-unroll
nvidia1,3,nas-sp,exact_rhs3,0.000957,default-unroll
nvidia1,3,nas-sp,compute_rhs5,0.014834,default-unroll
nvidia1,3,nas-sp,exact_rhs2,0.001095,default-unroll
nvidia1,3,nas-sp,initialize3,0.000172,default-unroll
nvidia1,3,nas-sp,compute_rhs2,0.003511,default-unroll
nvidia1,3,nas-sp,compute_rhs6,0.0034,default-unroll
nvidia1,3,nas-sp,y_solve,0.0629719999999999,default-unroll
nvidia1,3,nas-sp,exact_rhs1,0.000133,default-unroll
nvidia1,3,nas-sp,pinvr,0.003462,default-unroll
nvidia1,3,nas-sp,exact_rhs4,0.000927,default-unroll
nvidia1,3,nas-sp,compute_rhs1,0.004343,default-unroll
nvidia1,3,nas-sp,initialize5,0.000181,default-unroll
nvidia1,3,nas-sp,initialize1,0.000281,default-unroll
nvidia1,4,nas-sp,error_norm,0.000425,default-unroll
nvidia1,4,nas-sp,compute_rhs4,0.015193,default-unroll
nvidia1,4,nas-sp,ninvr,0.003341,default-unroll
nvidia1,4,nas-sp,initialize2,0.000226,default-unroll
nvidia1,4,nas-sp,add,0.003565,default-unroll
nvidia1,4,nas-sp,tzetar,0.003932,default-unroll
nvidia1,4,nas-sp,exact_rhs5,9.4e-05,default-unroll
nvidia1,4,nas-sp,compute_rhs3,0.026253,default-unroll
nvidia1,4,nas-sp,z_solve,0.062452,default-unroll
nvidia1,4,nas-sp,x_solve,0.075942,default-unroll
nvidia1,4,nas-sp,txinvr,0.004093,default-unroll
nvidia1,4,nas-sp,initialize4,0.000167,default-unroll
nvidia1,4,nas-sp,rhs_norm,0.000176,default-unroll
nvidia1,4,nas-sp,exact_rhs3,0.00095,default-unroll
nvidia1,4,nas-sp,compute_rhs5,0.01471,default-unroll
nvidia1,4,nas-sp,exact_rhs2,0.001106,default-unroll
nvidia1,4,nas-sp,initialize3,0.000182,default-unroll
nvidia1,4,nas-sp,compute_rhs2,0.003487,default-unroll
nvidia1,4,nas-sp,compute_rhs6,0.003267,default-unroll
nvidia1,4,nas-sp,y_solve,0.0627759999999999,default-unroll
nvidia1,4,nas-sp,exact_rhs1,0.00013,default-unroll
nvidia1,4,nas-sp,pinvr,0.003387,default-unroll
nvidia1,4,nas-sp,exact_rhs4,0.000933,default-unroll
nvidia1,4,nas-sp,compute_rhs1,0.0041,default-unroll
nvidia1,4,nas-sp,initialize5,0.00017,default-unroll
nvidia1,4,nas-sp,initialize1,0.000284,default-unroll
nvidia1,0,nv-bs,BlackScholes,0.050364,default-unroll
nvidia1,1,nv-bs,BlackScholes,0.05325,default-unroll
nvidia1,2,nv-bs,BlackScholes,0.049911,default-unroll
nvidia1,3,nv-bs,BlackScholes,0.050453,default-unroll
nvidia1,4,nv-bs,BlackScholes,0.050612,default-unroll
nvidia1,0,nv-dct,DCT8x8,0.034506,default-unroll
nvidia1,1,nv-dct,DCT8x8,0.035306,default-unroll
nvidia1,2,nv-dct,DCT8x8,0.036501,default-unroll
nvidia1,3,nv-dct,DCT8x8,0.035779,default-unroll
nvidia1,4,nv-dct,DCT8x8,0.033388,default-unroll
nvidia1,0,nv-fdtd,FiniteDifferences,0.096005,default-unroll
nvidia1,1,nv-fdtd,FiniteDifferences,0.095985,default-unroll
nvidia1,2,nv-fdtd,FiniteDifferences,0.095977,default-unroll
nvidia1,3,nv-fdtd,FiniteDifferences,0.096077,default-unroll
nvidia1,4,nv-fdtd,FiniteDifferences,0.095807,default-unroll
nvidia1,0,particlefilter,find_index_kernel,27.512549,default-unroll
nvidia1,0,particlefilter,normalize_weights_kernel,0.414117,default-unroll
nvidia1,0,particlefilter,likelihood_kernel,2.201881,default-unroll
nvidia1,0,particlefilter,sum_kernel,0.00106,default-unroll
nvidia1,1,particlefilter,find_index_kernel,24.750471,default-unroll
nvidia1,1,particlefilter,normalize_weights_kernel,0.414225,default-unroll
nvidia1,1,particlefilter,likelihood_kernel,2.21203,default-unroll
nvidia1,1,particlefilter,sum_kernel,0.001356,default-unroll
nvidia1,2,particlefilter,find_index_kernel,24.754759,default-unroll
nvidia1,2,particlefilter,normalize_weights_kernel,0.414203,default-unroll
nvidia1,2,particlefilter,likelihood_kernel,2.204016,default-unroll
nvidia1,2,particlefilter,sum_kernel,0.001134,default-unroll
nvidia1,3,particlefilter,find_index_kernel,24.754255,default-unroll
nvidia1,3,particlefilter,normalize_weights_kernel,0.414128,default-unroll
nvidia1,3,particlefilter,likelihood_kernel,2.208642,default-unroll
nvidia1,3,particlefilter,sum_kernel,0.001049,default-unroll
nvidia1,4,particlefilter,find_index_kernel,24.745875,default-unroll
nvidia1,4,particlefilter,normalize_weights_kernel,0.414206,default-unroll
nvidia1,4,particlefilter,likelihood_kernel,2.204175,default-unroll
nvidia1,4,particlefilter,sum_kernel,0.001079,default-unroll
nvidia2,0,blur,blur_ver,1.229648,default-spec
nvidia2,0,blur,blur_hor,1.311612,default-spec
nvidia2,1,blur,blur_ver,1.22867,default-spec
nvidia2,1,blur,blur_hor,1.311736,default-spec
nvidia2,2,blur,blur_ver,1.228813,default-spec
nvidia2,2,blur,blur_hor,1.311792,default-spec
nvidia2,3,blur,blur_ver,1.228611,default-spec
nvidia2,3,blur,blur_hor,1.311564,default-spec
nvidia2,4,blur,blur_ver,1.228738,default-spec
nvidia2,4,blur,blur_hor,1.311689,default-spec
nvidia2,0,mandelbrot,mandelGPU,0.197668,default-spec
nvidia2,1,mandelbrot,mandelGPU,0.197542,default-spec
nvidia2,2,mandelbrot,mandelGPU,0.197665,default-spec
nvidia2,3,mandelbrot,mandelGPU,0.19568,default-spec
nvidia2,4,mandelbrot,mandelGPU,0.19751,default-spec
nvidia2,0,mbdemo,mandelbrot,1.333511,default-spec
nvidia2,1,mbdemo,mandelbrot,1.350685,default-spec
nvidia2,2,mbdemo,mandelbrot,1.348722,default-spec
nvidia2,3,mbdemo,mandelbrot,1.338422,default-spec
nvidia2,4,mbdemo,mandelbrot,1.334597,default-spec
nvidia2,0,mmul,fmma,0.301041,default-spec
nvidia2,1,mmul,fmma,0.301144,default-spec
nvidia2,2,mmul,fmma,0.301192,default-spec
nvidia2,3,mmul,fmma,0.301158,default-spec
nvidia2,4,mmul,fmma,0.300937,default-spec
nvidia2,0,nas-cg,conj_grad_6,0.033978,default-spec
nvidia2,0,nas-cg,main_0,0.000473,default-spec
nvidia2,0,nas-cg,makea_1,0.037571,default-spec
nvidia2,0,nas-cg,conj_grad_1,0.00066,default-spec
nvidia2,0,nas-cg,conj_grad_0,0.000872,default-spec
nvidia2,0,nas-cg,makea_2,0.000137,default-spec
nvidia2,0,nas-cg,conj_grad_3,0.014519,default-spec
nvidia2,0,nas-cg,makea_0,0.411517,default-spec
nvidia2,0,nas-cg,makea_6,0.015942,default-spec
nvidia2,0,nas-cg,main_3,0.001011,default-spec
nvidia2,0,nas-cg,conj_grad_7,0.000673,default-spec
nvidia2,0,nas-cg,init_mem_0,0.000721,default-spec
nvidia2,0,nas-cg,main_2,0.000108,default-spec
nvidia2,0,nas-cg,main_4,0.000683,default-spec
nvidia2,0,nas-cg,makea_5,0.000142,default-spec
nvidia2,0,nas-cg,conj_grad_5,0.013554,default-spec
nvidia2,0,nas-cg,makea_4,0.000149,default-spec
nvidia2,0,nas-cg,conj_grad_4,0.01776,default-spec
nvidia2,0,nas-cg,makea_7,0.000108,default-spec
nvidia2,0,nas-cg,makea_3,0.86768,default-spec
nvidia2,0,nas-cg,main_1,0.000406,default-spec
nvidia2,0,nas-cg,conj_grad_2,0.848168999999999,default-spec
nvidia2,0,nas-cg,init_mem_1,0.001404,default-spec
nvidia2,1,nas-cg,conj_grad_6,0.033962,default-spec
nvidia2,1,nas-cg,main_0,0.000536,default-spec
nvidia2,1,nas-cg,makea_1,0.03747,default-spec
nvidia2,1,nas-cg,conj_grad_1,0.000668,default-spec
nvidia2,1,nas-cg,conj_grad_0,0.000693,default-spec
nvidia2,1,nas-cg,makea_2,0.000141,default-spec
nvidia2,1,nas-cg,conj_grad_3,0.014378,default-spec
nvidia2,1,nas-cg,makea_0,0.411534,default-spec
nvidia2,1,nas-cg,makea_6,0.015638,default-spec
nvidia2,1,nas-cg,main_3,0.000759,default-spec
nvidia2,1,nas-cg,conj_grad_7,0.000653,default-spec
nvidia2,1,nas-cg,init_mem_0,0.000768,default-spec
nvidia2,1,nas-cg,main_2,0.000118,default-spec
nvidia2,1,nas-cg,main_4,0.000591,default-spec
nvidia2,1,nas-cg,makea_5,0.000133,default-spec
nvidia2,1,nas-cg,conj_grad_5,0.013472,default-spec
nvidia2,1,nas-cg,makea_4,0.000159,default-spec
nvidia2,1,nas-cg,conj_grad_4,0.0166,default-spec
nvidia2,1,nas-cg,makea_7,0.000101,default-spec
nvidia2,1,nas-cg,makea_3,0.878332,default-spec
nvidia2,1,nas-cg,main_1,0.000166,default-spec
nvidia2,1,nas-cg,conj_grad_2,0.847631999999998,default-spec
nvidia2,1,nas-cg,init_mem_1,0.001376,default-spec
nvidia2,2,nas-cg,conj_grad_6,0.03395,default-spec
nvidia2,2,nas-cg,main_0,0.000481,default-spec
nvidia2,2,nas-cg,makea_1,0.037482,default-spec
nvidia2,2,nas-cg,conj_grad_1,0.000645,default-spec
nvidia2,2,nas-cg,conj_grad_0,0.000936,default-spec
nvidia2,2,nas-cg,makea_2,0.000141,default-spec
nvidia2,2,nas-cg,conj_grad_3,0.013633,default-spec
nvidia2,2,nas-cg,makea_0,0.410834,default-spec
nvidia2,2,nas-cg,makea_6,0.015802,default-spec
nvidia2,2,nas-cg,main_3,0.001009,default-spec
nvidia2,2,nas-cg,conj_grad_7,0.000612,default-spec
nvidia2,2,nas-cg,init_mem_0,0.000798,default-spec
nvidia2,2,nas-cg,main_2,0.000115,default-spec
nvidia2,2,nas-cg,main_4,0.000543,default-spec
nvidia2,2,nas-cg,makea_5,0.000163,default-spec
nvidia2,2,nas-cg,conj_grad_5,0.011985,default-spec
nvidia2,2,nas-cg,makea_4,0.000125,default-spec
nvidia2,2,nas-cg,conj_grad_4,0.016058,default-spec
nvidia2,2,nas-cg,makea_7,0.000142,default-spec
nvidia2,2,nas-cg,makea_3,0.865933,default-spec
nvidia2,2,nas-cg,main_1,0.000171,default-spec
nvidia2,2,nas-cg,conj_grad_2,0.847243999999998,default-spec
nvidia2,2,nas-cg,init_mem_1,0.001459,default-spec
nvidia2,3,nas-cg,conj_grad_6,0.033968,default-spec
nvidia2,3,nas-cg,main_0,0.000448,default-spec
nvidia2,3,nas-cg,makea_1,0.037473,default-spec
nvidia2,3,nas-cg,conj_grad_1,0.000609,default-spec
nvidia2,3,nas-cg,conj_grad_0,0.000644,default-spec
nvidia2,3,nas-cg,makea_2,0.000141,default-spec
nvidia2,3,nas-cg,conj_grad_3,0.014037,default-spec
nvidia2,3,nas-cg,makea_0,0.411404,default-spec
nvidia2,3,nas-cg,makea_6,0.015764,default-spec
nvidia2,3,nas-cg,main_3,0.000967,default-spec
nvidia2,3,nas-cg,conj_grad_7,0.000646,default-spec
nvidia2,3,nas-cg,init_mem_0,0.000776,default-spec
nvidia2,3,nas-cg,main_2,0.000127,default-spec
nvidia2,3,nas-cg,main_4,0.000551,default-spec
nvidia2,3,nas-cg,makea_5,0.000145,default-spec
nvidia2,3,nas-cg,conj_grad_5,0.012074,default-spec
nvidia2,3,nas-cg,makea_4,0.000164,default-spec
nvidia2,3,nas-cg,conj_grad_4,0.015997,default-spec
nvidia2,3,nas-cg,makea_7,0.000109,default-spec
nvidia2,3,nas-cg,makea_3,0.862813,default-spec
nvidia2,3,nas-cg,main_1,0.000146,default-spec
nvidia2,3,nas-cg,conj_grad_2,0.847350999999998,default-spec
nvidia2,3,nas-cg,init_mem_1,0.001387,default-spec
nvidia2,4,nas-cg,conj_grad_6,0.033927,default-spec
nvidia2,4,nas-cg,main_0,0.000485,default-spec
nvidia2,4,nas-cg,makea_1,0.037473,default-spec
nvidia2,4,nas-cg,conj_grad_1,0.000629,default-spec
nvidia2,4,nas-cg,conj_grad_0,0.000654,default-spec
nvidia2,4,nas-cg,makea_2,0.000144,default-spec
nvidia2,4,nas-cg,conj_grad_3,0.013361,default-spec
nvidia2,4,nas-cg,makea_0,0.411411,default-spec
nvidia2,4,nas-cg,makea_6,0.015776,default-spec
nvidia2,4,nas-cg,main_3,0.000721,default-spec
nvidia2,4,nas-cg,conj_grad_7,0.000584,default-spec
nvidia2,4,nas-cg,init_mem_0,0.000771,default-spec
nvidia2,4,nas-cg,main_2,0.000117,default-spec
nvidia2,4,nas-cg,main_4,0.000535,default-spec
nvidia2,4,nas-cg,makea_5,0.000133,default-spec
nvidia2,4,nas-cg,conj_grad_5,0.011919,default-spec
nvidia2,4,nas-cg,makea_4,0.000158,default-spec
nvidia2,4,nas-cg,conj_grad_4,0.015817,default-spec
nvidia2,4,nas-cg,makea_7,9.7e-05,default-spec
nvidia2,4,nas-cg,makea_3,0.868947,default-spec
nvidia2,4,nas-cg,main_1,0.000149,default-spec
nvidia2,4,nas-cg,conj_grad_2,0.846895999999998,default-spec
nvidia2,4,nas-cg,init_mem_1,0.001361,default-spec
nvidia2,0,nas-is,full_verify0,0.004686,default-spec
nvidia2,0,nas-is,rank2,1.470929,default-spec
nvidia2,0,nas-is,full_verify1,0.213622,default-spec
nvidia2,0,nas-is,rank3_1,0.000435,default-spec
nvidia2,0,nas-is,rank3_0,0.009282,default-spec
nvidia2,0,nas-is,full_verify2,0.012834,default-spec
nvidia2,0,nas-is,rank3_2,0.003134,default-spec
nvidia2,0,nas-is,rank4,0.000632,default-spec
nvidia2,0,nas-is,rank0,0.00096,default-spec
nvidia2,0,nas-is,rank1,0.002263,default-spec
nvidia2,0,nas-is,create_seq,0.082783,default-spec
nvidia2,1,nas-is,full_verify0,0.004919,default-spec
nvidia2,1,nas-is,rank2,1.470122,default-spec
nvidia2,1,nas-is,full_verify1,0.213552,default-spec
nvidia2,1,nas-is,rank3_1,0.000429,default-spec
nvidia2,1,nas-is,rank3_0,0.009091,default-spec
nvidia2,1,nas-is,full_verify2,0.012832,default-spec
nvidia2,1,nas-is,rank3_2,0.003129,default-spec
nvidia2,1,nas-is,rank4,0.000514,default-spec
nvidia2,1,nas-is,rank0,0.00101,default-spec
nvidia2,1,nas-is,rank1,0.002125,default-spec
nvidia2,1,nas-is,create_seq,0.082307,default-spec
nvidia2,2,nas-is,full_verify0,0.004859,default-spec
nvidia2,2,nas-is,rank2,1.470354,default-spec
nvidia2,2,nas-is,full_verify1,0.213646,default-spec
nvidia2,2,nas-is,rank3_1,0.000426,default-spec
nvidia2,2,nas-is,rank3_0,0.009303,default-spec
nvidia2,2,nas-is,full_verify2,0.012843,default-spec
nvidia2,2,nas-is,rank3_2,0.003158,default-spec
nvidia2,2,nas-is,rank4,0.000502,default-spec
nvidia2,2,nas-is,rank0,0.000935,default-spec
nvidia2,2,nas-is,rank1,0.002025,default-spec
nvidia2,2,nas-is,create_seq,0.082322,default-spec
nvidia2,3,nas-is,full_verify0,0.004721,default-spec
nvidia2,3,nas-is,rank2,1.470474,default-spec
nvidia2,3,nas-is,full_verify1,0.213604,default-spec
nvidia2,3,nas-is,rank3_1,0.000504,default-spec
nvidia2,3,nas-is,rank3_0,0.009158,default-spec
nvidia2,3,nas-is,full_verify2,0.012838,default-spec
nvidia2,3,nas-is,rank3_2,0.00324,default-spec
nvidia2,3,nas-is,rank4,0.000496,default-spec
nvidia2,3,nas-is,rank0,0.000926,default-spec
nvidia2,3,nas-is,rank1,0.002002,default-spec
nvidia2,3,nas-is,create_seq,0.082544,default-spec
nvidia2,4,nas-is,full_verify0,0.004803,default-spec
nvidia2,4,nas-is,rank2,1.470289,default-spec
nvidia2,4,nas-is,full_verify1,0.213653,default-spec
nvidia2,4,nas-is,rank3_1,0.000461,default-spec
nvidia2,4,nas-is,rank3_0,0.008955,default-spec
nvidia2,4,nas-is,full_verify2,0.012832,default-spec
nvidia2,4,nas-is,rank3_2,0.003131,default-spec
nvidia2,4,nas-is,rank4,0.000508,default-spec
nvidia2,4,nas-is,rank0,0.000845,default-spec
nvidia2,4,nas-is,rank1,0.001887,default-spec
nvidia2,4,nas-is,create_seq,0.082361,default-spec
nvidia2,0,nas-sp,error_norm,0.000456,default-spec
nvidia2,0,nas-sp,compute_rhs4,0.014467,default-spec
nvidia2,0,nas-sp,ninvr,0.003405,default-spec
nvidia2,0,nas-sp,initialize2,0.000229,default-spec
nvidia2,0,nas-sp,add,0.003763,default-spec
nvidia2,0,nas-sp,tzetar,0.004165,default-spec
nvidia2,0,nas-sp,exact_rhs5,9.6e-05,default-spec
nvidia2,0,nas-sp,compute_rhs3,0.026172,default-spec
nvidia2,0,nas-sp,z_solve,0.0636049999999999,default-spec
nvidia2,0,nas-sp,x_solve,0.075568,default-spec
nvidia2,0,nas-sp,txinvr,0.004475,default-spec
nvidia2,0,nas-sp,initialize4,0.000168,default-spec
nvidia2,0,nas-sp,rhs_norm,0.000174,default-spec
nvidia2,0,nas-sp,exact_rhs3,0.000915,default-spec
nvidia2,0,nas-sp,compute_rhs5,0.014831,default-spec
nvidia2,0,nas-sp,exact_rhs2,0.001059,default-spec
nvidia2,0,nas-sp,initialize3,0.000181,default-spec
nvidia2,0,nas-sp,compute_rhs2,0.003656,default-spec
nvidia2,0,nas-sp,compute_rhs6,0.003531,default-spec
nvidia2,0,nas-sp,y_solve,0.0632680000000001,default-spec
nvidia2,0,nas-sp,exact_rhs1,0.000136,default-spec
nvidia2,0,nas-sp,pinvr,0.003711,default-spec
nvidia2,0,nas-sp,exact_rhs4,0.000882,default-spec
nvidia2,0,nas-sp,compute_rhs1,0.004405,default-spec
nvidia2,0,nas-sp,initialize5,0.000451,default-spec
nvidia2,0,nas-sp,initialize1,0.000534,default-spec
nvidia2,1,nas-sp,error_norm,0.000444,default-spec
nvidia2,1,nas-sp,compute_rhs4,0.014679,default-spec
nvidia2,1,nas-sp,ninvr,0.003784,default-spec
nvidia2,1,nas-sp,initialize2,0.000234,default-spec
nvidia2,1,nas-sp,add,0.003677,default-spec
nvidia2,1,nas-sp,tzetar,0.00436,default-spec
nvidia2,1,nas-sp,exact_rhs5,9.2e-05,default-spec
nvidia2,1,nas-sp,compute_rhs3,0.026356,default-spec
nvidia2,1,nas-sp,z_solve,0.063791,default-spec
nvidia2,1,nas-sp,x_solve,0.075742,default-spec
nvidia2,1,nas-sp,txinvr,0.004658,default-spec
nvidia2,1,nas-sp,initialize4,0.000166,default-spec
nvidia2,1,nas-sp,rhs_norm,0.000182,default-spec
nvidia2,1,nas-sp,exact_rhs3,0.000925,default-spec
nvidia2,1,nas-sp,compute_rhs5,0.014997,default-spec
nvidia2,1,nas-sp,exact_rhs2,0.001058,default-spec
nvidia2,1,nas-sp,initialize3,0.00017,default-spec
nvidia2,1,nas-sp,compute_rhs2,0.003802,default-spec
nvidia2,1,nas-sp,compute_rhs6,0.003752,default-spec
nvidia2,1,nas-sp,y_solve,0.0635030000000001,default-spec
nvidia2,1,nas-sp,exact_rhs1,0.000121,default-spec
nvidia2,1,nas-sp,pinvr,0.003804,default-spec
nvidia2,1,nas-sp,exact_rhs4,0.000879,default-spec
nvidia2,1,nas-sp,compute_rhs1,0.004297,default-spec
nvidia2,1,nas-sp,initialize5,0.000158,default-spec
nvidia2,1,nas-sp,initialize1,0.000271,default-spec
nvidia2,2,nas-sp,error_norm,0.000436,default-spec
nvidia2,2,nas-sp,compute_rhs4,0.014431,default-spec
nvidia2,2,nas-sp,ninvr,0.003606,default-spec
nvidia2,2,nas-sp,initialize2,0.000229,default-spec
nvidia2,2,nas-sp,add,0.00355,default-spec
nvidia2,2,nas-sp,tzetar,0.004128,default-spec
nvidia2,2,nas-sp,exact_rhs5,9.5e-05,default-spec
nvidia2,2,nas-sp,compute_rhs3,0.026152,default-spec
nvidia2,2,nas-sp,z_solve,0.0636629999999999,default-spec
nvidia2,2,nas-sp,x_solve,0.075548,default-spec
nvidia2,2,nas-sp,txinvr,0.004335,default-spec
nvidia2,2,nas-sp,initialize4,0.000146,default-spec
nvidia2,2,nas-sp,rhs_norm,0.00025,default-spec
nvidia2,2,nas-sp,exact_rhs3,0.000905,default-spec
nvidia2,2,nas-sp,compute_rhs5,0.014747,default-spec
nvidia2,2,nas-sp,exact_rhs2,0.001064,default-spec
nvidia2,2,nas-sp,initialize3,0.000165,default-spec
nvidia2,2,nas-sp,compute_rhs2,0.003658,default-spec
nvidia2,2,nas-sp,compute_rhs6,0.003443,default-spec
nvidia2,2,nas-sp,y_solve,0.0633060000000001,default-spec
nvidia2,2,nas-sp,exact_rhs1,0.000124,default-spec
nvidia2,2,nas-sp,pinvr,0.003617,default-spec
nvidia2,2,nas-sp,exact_rhs4,0.000878,default-spec
nvidia2,2,nas-sp,compute_rhs1,0.004059,default-spec
nvidia2,2,nas-sp,initialize5,0.000155,default-spec
nvidia2,2,nas-sp,initialize1,0.000284,default-spec
nvidia2,3,nas-sp,error_norm,0.000446,default-spec
nvidia2,3,nas-sp,compute_rhs4,0.014333,default-spec
nvidia2,3,nas-sp,ninvr,0.00334,default-spec
nvidia2,3,nas-sp,initialize2,0.000237,default-spec
nvidia2,3,nas-sp,add,0.003567,default-spec
nvidia2,3,nas-sp,tzetar,0.003956,default-spec
nvidia2,3,nas-sp,exact_rhs5,9.9e-05,default-spec
nvidia2,3,nas-sp,compute_rhs3,0.026057,default-spec
nvidia2,3,nas-sp,z_solve,0.0637649999999999,default-spec
nvidia2,3,nas-sp,x_solve,0.075679,default-spec
nvidia2,3,nas-sp,txinvr,0.004127,default-spec
nvidia2,3,nas-sp,initialize4,0.00016,default-spec
nvidia2,3,nas-sp,rhs_norm,0.000218,default-spec
nvidia2,3,nas-sp,exact_rhs3,0.000914,default-spec
nvidia2,3,nas-sp,compute_rhs5,0.014622,default-spec
nvidia2,3,nas-sp,exact_rhs2,0.001069,default-spec
nvidia2,3,nas-sp,initialize3,0.000181,default-spec
nvidia2,3,nas-sp,compute_rhs2,0.003458,default-spec
nvidia2,3,nas-sp,compute_rhs6,0.003373,default-spec
nvidia2,3,nas-sp,y_solve,0.0631460000000001,default-spec
nvidia2,3,nas-sp,exact_rhs1,0.000132,default-spec
nvidia2,3,nas-sp,pinvr,0.003347,default-spec
nvidia2,3,nas-sp,exact_rhs4,0.000881,default-spec
nvidia2,3,nas-sp,compute_rhs1,0.004259,default-spec
nvidia2,3,nas-sp,initialize5,0.000174,default-spec
nvidia2,3,nas-sp,initialize1,0.000282,default-spec
nvidia2,4,nas-sp,error_norm,0.000436,default-spec
nvidia2,4,nas-sp,compute_rhs4,0.014653,default-spec
nvidia2,4,nas-sp,ninvr,0.003834,default-spec
nvidia2,4,nas-sp,initialize2,0.000238,default-spec
nvidia2,4,nas-sp,add,0.003642,default-spec
nvidia2,4,nas-sp,tzetar,0.004103,default-spec
nvidia2,4,nas-sp,exact_rhs5,9.6e-05,default-spec
nvidia2,4,nas-sp,compute_rhs3,0.026368,default-spec
nvidia2,4,nas-sp,z_solve,0.0635969999999999,default-spec
nvidia2,4,nas-sp,x_solve,0.075689,default-spec
nvidia2,4,nas-sp,txinvr,0.004344,default-spec
nvidia2,4,nas-sp,initialize4,0.000166,default-spec
nvidia2,4,nas-sp,rhs_norm,0.000181,default-spec
nvidia2,4,nas-sp,exact_rhs3,0.000969,default-spec
nvidia2,4,nas-sp,compute_rhs5,0.01476,default-spec
nvidia2,4,nas-sp,exact_rhs2,0.001059,default-spec
nvidia2,4,nas-sp,initialize3,0.000176,default-spec
nvidia2,4,nas-sp,compute_rhs2,0.003708,default-spec
nvidia2,4,nas-sp,compute_rhs6,0.003664,default-spec
nvidia2,4,nas-sp,y_solve,0.0635240000000001,default-spec
nvidia2,4,nas-sp,exact_rhs1,0.000129,default-spec
nvidia2,4,nas-sp,pinvr,0.003623,default-spec
nvidia2,4,nas-sp,exact_rhs4,0.000873,default-spec
nvidia2,4,nas-sp,compute_rhs1,0.004272,default-spec
nvidia2,4,nas-sp,initialize5,0.00017,default-spec
nvidia2,4,nas-sp,initialize1,0.000285,default-spec
nvidia2,0,nv-bs,BlackScholes,0.050507,default-spec
nvidia2,1,nv-bs,BlackScholes,0.054527,default-spec
nvidia2,2,nv-bs,BlackScholes,0.055658,default-spec
nvidia2,3,nv-bs,BlackScholes,0.053605,default-spec
nvidia2,4,nv-bs,BlackScholes,0.053638,default-spec
nvidia2,0,nv-dct,DCT8x8,0.033936,default-spec
nvidia2,1,nv-dct,DCT8x8,0.031455,default-spec
nvidia2,2,nv-dct,DCT8x8,0.036499,default-spec
nvidia2,3,nv-dct,DCT8x8,0.03564,default-spec
nvidia2,4,nv-dct,DCT8x8,0.034849,default-spec
nvidia2,0,nv-fdtd,FiniteDifferences,0.09575,default-spec
nvidia2,1,nv-fdtd,FiniteDifferences,0.096033,default-spec
nvidia2,2,nv-fdtd,FiniteDifferences,0.095751,default-spec
nvidia2,3,nv-fdtd,FiniteDifferences,0.095731,default-spec
nvidia2,4,nv-fdtd,FiniteDifferences,0.095654,default-spec
nvidia2,0,particlefilter,find_index_kernel,28.247718,default-spec
nvidia2,0,particlefilter,normalize_weights_kernel,0.414306,default-spec
nvidia2,0,particlefilter,likelihood_kernel,2.209415,default-spec
nvidia2,0,particlefilter,sum_kernel,0.000969,default-spec
nvidia2,1,particlefilter,find_index_kernel,25.491232,default-spec
nvidia2,1,particlefilter,normalize_weights_kernel,0.414036,default-spec
nvidia2,1,particlefilter,likelihood_kernel,2.207517,default-spec
nvidia2,1,particlefilter,sum_kernel,0.00102,default-spec
nvidia2,2,particlefilter,find_index_kernel,25.48496,default-spec
nvidia2,2,particlefilter,normalize_weights_kernel,0.414402,default-spec
nvidia2,2,particlefilter,likelihood_kernel,2.203841,default-spec
nvidia2,2,particlefilter,sum_kernel,0.001067,default-spec
nvidia2,3,particlefilter,find_index_kernel,25.525711,default-spec
nvidia2,3,particlefilter,normalize_weights_kernel,0.414009,default-spec
nvidia2,3,particlefilter,likelihood_kernel,2.207067,default-spec
nvidia2,3,particlefilter,sum_kernel,0.000889,default-spec
nvidia2,4,particlefilter,find_index_kernel,25.519602,default-spec
nvidia2,4,particlefilter,normalize_weights_kernel,0.414033,default-spec
nvidia2,4,particlefilter,likelihood_kernel,2.20605,default-spec
nvidia2,4,particlefilter,sum_kernel,0.001015,default-spec
nvidia3,0,blur,blur_ver,1.227724,default-spec-unroll
nvidia3,0,blur,blur_hor,1.313463,default-spec-unroll
nvidia3,1,blur,blur_ver,1.227428,default-spec-unroll
nvidia3,1,blur,blur_hor,1.313592,default-spec-unroll
nvidia3,2,blur,blur_ver,1.22765,default-spec-unroll
nvidia3,2,blur,blur_hor,1.313429,default-spec-unroll
nvidia3,3,blur,blur_ver,1.22771,default-spec-unroll
nvidia3,3,blur,blur_hor,1.31336,default-spec-unroll
nvidia3,4,blur,blur_ver,1.227445,default-spec-unroll
nvidia3,4,blur,blur_hor,1.313416,default-spec-unroll
nvidia3,0,mandelbrot,mandelGPU,0.19773,default-spec-unroll
nvidia3,1,mandelbrot,mandelGPU,0.19749,default-spec-unroll
nvidia3,2,mandelbrot,mandelGPU,0.19768,default-spec-unroll
nvidia3,3,mandelbrot,mandelGPU,0.195537,default-spec-unroll
nvidia3,4,mandelbrot,mandelGPU,0.197644,default-spec-unroll
nvidia3,0,mbdemo,mandelbrot,1.343449,default-spec-unroll
nvidia3,1,mbdemo,mandelbrot,1.338757,default-spec-unroll
nvidia3,2,mbdemo,mandelbrot,1.346721,default-spec-unroll
nvidia3,3,mbdemo,mandelbrot,1.349695,default-spec-unroll
nvidia3,4,mbdemo,mandelbrot,1.344569,default-spec-unroll
nvidia3,0,mmul,fmma,0.210699,default-spec-unroll
nvidia3,1,mmul,fmma,0.210792,default-spec-unroll
nvidia3,2,mmul,fmma,0.210741,default-spec-unroll
nvidia3,3,mmul,fmma,0.2105,default-spec-unroll
nvidia3,4,mmul,fmma,0.210703,default-spec-unroll
nvidia3,0,nas-cg,conj_grad_6,0.03392,default-spec-unroll
nvidia3,0,nas-cg,main_0,0.000502,default-spec-unroll
nvidia3,0,nas-cg,makea_1,0.038817,default-spec-unroll
nvidia3,0,nas-cg,conj_grad_1,0.000623,default-spec-unroll
nvidia3,0,nas-cg,conj_grad_0,0.00078,default-spec-unroll
nvidia3,0,nas-cg,makea_2,0.000183,default-spec-unroll
nvidia3,0,nas-cg,conj_grad_3,0.013401,default-spec-unroll
nvidia3,0,nas-cg,makea_0,0.41207,default-spec-unroll
nvidia3,0,nas-cg,makea_6,0.015679,default-spec-unroll
nvidia3,0,nas-cg,main_3,0.000771,default-spec-unroll
nvidia3,0,nas-cg,conj_grad_7,0.000599,default-spec-unroll
nvidia3,0,nas-cg,init_mem_0,0.000638,default-spec-unroll
nvidia3,0,nas-cg,main_2,0.000108,default-spec-unroll
nvidia3,0,nas-cg,main_4,0.000557,default-spec-unroll
nvidia3,0,nas-cg,makea_5,0.000183,default-spec-unroll
nvidia3,0,nas-cg,conj_grad_5,0.012776,default-spec-unroll
nvidia3,0,nas-cg,makea_4,0.000117,default-spec-unroll
nvidia3,0,nas-cg,conj_grad_4,0.016116,default-spec-unroll
nvidia3,0,nas-cg,makea_7,0.000104,default-spec-unroll
nvidia3,0,nas-cg,makea_3,0.880124,default-spec-unroll
nvidia3,0,nas-cg,main_1,0.000169,default-spec-unroll
nvidia3,0,nas-cg,conj_grad_2,0.847338999999998,default-spec-unroll
nvidia3,0,nas-cg,init_mem_1,0.00114,default-spec-unroll
nvidia3,1,nas-cg,conj_grad_6,0.033952,default-spec-unroll
nvidia3,1,nas-cg,main_0,0.000485,default-spec-unroll
nvidia3,1,nas-cg,makea_1,0.038805,default-spec-unroll
nvidia3,1,nas-cg,conj_grad_1,0.000876,default-spec-unroll
nvidia3,1,nas-cg,conj_grad_0,0.000647,default-spec-unroll
nvidia3,1,nas-cg,makea_2,0.000183,default-spec-unroll
nvidia3,1,nas-cg,conj_grad_3,0.014508,default-spec-unroll
nvidia3,1,nas-cg,makea_0,0.412035,default-spec-unroll
nvidia3,1,nas-cg,makea_6,0.015775,default-spec-unroll
nvidia3,1,nas-cg,main_3,0.000714,default-spec-unroll
nvidia3,1,nas-cg,conj_grad_7,0.000703,default-spec-unroll
nvidia3,1,nas-cg,init_mem_0,0.000833,default-spec-unroll
nvidia3,1,nas-cg,main_2,0.000117,default-spec-unroll
nvidia3,1,nas-cg,main_4,0.000541,default-spec-unroll
nvidia3,1,nas-cg,makea_5,0.000171,default-spec-unroll
nvidia3,1,nas-cg,conj_grad_5,0.013095,default-spec-unroll
nvidia3,1,nas-cg,makea_4,0.000167,default-spec-unroll
nvidia3,1,nas-cg,conj_grad_4,0.017367,default-spec-unroll
nvidia3,1,nas-cg,makea_7,0.000107,default-spec-unroll
nvidia3,1,nas-cg,makea_3,0.890513,default-spec-unroll
nvidia3,1,nas-cg,main_1,0.000165,default-spec-unroll
nvidia3,1,nas-cg,conj_grad_2,0.847696999999998,default-spec-unroll
nvidia3,1,nas-cg,init_mem_1,0.001013,default-spec-unroll
nvidia3,2,nas-cg,conj_grad_6,0.033968,default-spec-unroll
nvidia3,2,nas-cg,main_0,0.000545,default-spec-unroll
nvidia3,2,nas-cg,makea_1,0.038817,default-spec-unroll
nvidia3,2,nas-cg,conj_grad_1,0.000714,default-spec-unroll
nvidia3,2,nas-cg,conj_grad_0,0.00069,default-spec-unroll
nvidia3,2,nas-cg,makea_2,0.000174,default-spec-unroll
nvidia3,2,nas-cg,conj_grad_3,0.014363,default-spec-unroll
nvidia3,2,nas-cg,makea_0,0.411774,default-spec-unroll
nvidia3,2,nas-cg,makea_6,0.015687,default-spec-unroll
nvidia3,2,nas-cg,main_3,0.000748,default-spec-unroll
nvidia3,2,nas-cg,conj_grad_7,0.000645,default-spec-unroll
nvidia3,2,nas-cg,init_mem_0,0.001033,default-spec-unroll
nvidia3,2,nas-cg,main_2,0.000124,default-spec-unroll
nvidia3,2,nas-cg,main_4,0.000584,default-spec-unroll
nvidia3,2,nas-cg,makea_5,0.00018,default-spec-unroll
nvidia3,2,nas-cg,conj_grad_5,0.01369,default-spec-unroll
nvidia3,2,nas-cg,makea_4,0.000311,default-spec-unroll
nvidia3,2,nas-cg,conj_grad_4,0.01705,default-spec-unroll
nvidia3,2,nas-cg,makea_7,0.000101,default-spec-unroll
nvidia3,2,nas-cg,makea_3,0.896107,default-spec-unroll
nvidia3,2,nas-cg,main_1,0.000169,default-spec-unroll
nvidia3,2,nas-cg,conj_grad_2,0.847510999999999,default-spec-unroll
nvidia3,2,nas-cg,init_mem_1,0.001441,default-spec-unroll
nvidia3,3,nas-cg,conj_grad_6,0.034015,default-spec-unroll
nvidia3,3,nas-cg,main_0,0.000481,default-spec-unroll
nvidia3,3,nas-cg,makea_1,0.038814,default-spec-unroll
nvidia3,3,nas-cg,conj_grad_1,0.000706,default-spec-unroll
nvidia3,3,nas-cg,conj_grad_0,0.000702,default-spec-unroll
nvidia3,3,nas-cg,makea_2,0.000179,default-spec-unroll
nvidia3,3,nas-cg,conj_grad_3,0.015321,default-spec-unroll
nvidia3,3,nas-cg,makea_0,0.412134,default-spec-unroll
nvidia3,3,nas-cg,makea_6,0.015843,default-spec-unroll
nvidia3,3,nas-cg,main_3,0.000786,default-spec-unroll
nvidia3,3,nas-cg,conj_grad_7,0.000689,default-spec-unroll
nvidia3,3,nas-cg,init_mem_0,0.000757,default-spec-unroll
nvidia3,3,nas-cg,main_2,0.000103,default-spec-unroll
nvidia3,3,nas-cg,main_4,0.000604,default-spec-unroll
nvidia3,3,nas-cg,makea_5,0.000219,default-spec-unroll
nvidia3,3,nas-cg,conj_grad_5,0.013953,default-spec-unroll
nvidia3,3,nas-cg,makea_4,0.000142,default-spec-unroll
nvidia3,3,nas-cg,conj_grad_4,0.017468,default-spec-unroll
nvidia3,3,nas-cg,makea_7,0.000104,default-spec-unroll
nvidia3,3,nas-cg,makea_3,0.856489,default-spec-unroll
nvidia3,3,nas-cg,main_1,0.000158,default-spec-unroll
nvidia3,3,nas-cg,conj_grad_2,0.848592999999998,default-spec-unroll
nvidia3,3,nas-cg,init_mem_1,0.001494,default-spec-unroll
nvidia3,4,nas-cg,conj_grad_6,0.033946,default-spec-unroll
nvidia3,4,nas-cg,main_0,0.000469,default-spec-unroll
nvidia3,4,nas-cg,makea_1,0.03881,default-spec-unroll
nvidia3,4,nas-cg,conj_grad_1,0.000749,default-spec-unroll
nvidia3,4,nas-cg,conj_grad_0,0.000669,default-spec-unroll
nvidia3,4,nas-cg,makea_2,0.000181,default-spec-unroll
nvidia3,4,nas-cg,conj_grad_3,0.0145350000000001,default-spec-unroll
nvidia3,4,nas-cg,makea_0,0.412194,default-spec-unroll
nvidia3,4,nas-cg,makea_6,0.015744,default-spec-unroll
nvidia3,4,nas-cg,main_3,0.000763,default-spec-unroll
nvidia3,4,nas-cg,conj_grad_7,0.00065,default-spec-unroll
nvidia3,4,nas-cg,init_mem_0,0.000796,default-spec-unroll
nvidia3,4,nas-cg,main_2,0.00011,default-spec-unroll
nvidia3,4,nas-cg,main_4,0.000586,default-spec-unroll
nvidia3,4,nas-cg,makea_5,0.00018,default-spec-unroll
nvidia3,4,nas-cg,conj_grad_5,0.013096,default-spec-unroll
nvidia3,4,nas-cg,makea_4,0.000161,default-spec-unroll
nvidia3,4,nas-cg,conj_grad_4,0.016771,default-spec-unroll
nvidia3,4,nas-cg,makea_7,0.000101,default-spec-unroll
nvidia3,4,nas-cg,makea_3,0.883003,default-spec-unroll
nvidia3,4,nas-cg,main_1,0.00016,default-spec-unroll
nvidia3,4,nas-cg,conj_grad_2,0.847733999999998,default-spec-unroll
nvidia3,4,nas-cg,init_mem_1,0.001396,default-spec-unroll
nvidia3,0,nas-is,full_verify0,0.00494,default-spec-unroll
nvidia3,0,nas-is,rank2,1.472159,default-spec-unroll
nvidia3,0,nas-is,full_verify1,0.213656,default-spec-unroll
nvidia3,0,nas-is,rank3_1,0.000991,default-spec-unroll
nvidia3,0,nas-is,rank3_0,0.009089,default-spec-unroll
nvidia3,0,nas-is,full_verify2,0.012841,default-spec-unroll
nvidia3,0,nas-is,rank3_2,0.003553,default-spec-unroll
nvidia3,0,nas-is,rank4,0.001109,default-spec-unroll
nvidia3,0,nas-is,rank0,0.000824,default-spec-unroll
nvidia3,0,nas-is,rank1,0.00194,default-spec-unroll
nvidia3,0,nas-is,create_seq,0.083612,default-spec-unroll
nvidia3,1,nas-is,full_verify0,0.004658,default-spec-unroll
nvidia3,1,nas-is,rank2,1.470278,default-spec-unroll
nvidia3,1,nas-is,full_verify1,0.213689,default-spec-unroll
nvidia3,1,nas-is,rank3_1,0.000442,default-spec-unroll
nvidia3,1,nas-is,rank3_0,0.009217,default-spec-unroll
nvidia3,1,nas-is,full_verify2,0.012842,default-spec-unroll
nvidia3,1,nas-is,rank3_2,0.003144,default-spec-unroll
nvidia3,1,nas-is,rank4,0.000514,default-spec-unroll
nvidia3,1,nas-is,rank0,0.000942,default-spec-unroll
nvidia3,1,nas-is,rank1,0.002096,default-spec-unroll
nvidia3,1,nas-is,create_seq,0.083655,default-spec-unroll
nvidia3,2,nas-is,full_verify0,0.004728,default-spec-unroll
nvidia3,2,nas-is,rank2,1.470178,default-spec-unroll
nvidia3,2,nas-is,full_verify1,0.213623,default-spec-unroll
nvidia3,2,nas-is,rank3_1,0.000443,default-spec-unroll
nvidia3,2,nas-is,rank3_0,0.008933,default-spec-unroll
nvidia3,2,nas-is,full_verify2,0.012866,default-spec-unroll
nvidia3,2,nas-is,rank3_2,0.003149,default-spec-unroll
nvidia3,2,nas-is,rank4,0.000514,default-spec-unroll
nvidia3,2,nas-is,rank0,0.000929,default-spec-unroll
nvidia3,2,nas-is,rank1,0.002118,default-spec-unroll
nvidia3,2,nas-is,create_seq,0.083389,default-spec-unroll
nvidia3,3,nas-is,full_verify0,0.004909,default-spec-unroll
nvidia3,3,nas-is,rank2,1.470309,default-spec-unroll
nvidia3,3,nas-is,full_verify1,0.213604,default-spec-unroll
nvidia3,3,nas-is,rank3_1,0.000443,default-spec-unroll
nvidia3,3,nas-is,rank3_0,0.009243,default-spec-unroll
nvidia3,3,nas-is,full_verify2,0.012845,default-spec-unroll
nvidia3,3,nas-is,rank3_2,0.003132,default-spec-unroll
nvidia3,3,nas-is,rank4,0.000497,default-spec-unroll
nvidia3,3,nas-is,rank0,0.000804,default-spec-unroll
nvidia3,3,nas-is,rank1,0.001953,default-spec-unroll
nvidia3,3,nas-is,create_seq,0.083194,default-spec-unroll
nvidia3,4,nas-is,full_verify0,0.004896,default-spec-unroll
nvidia3,4,nas-is,rank2,1.470278,default-spec-unroll
nvidia3,4,nas-is,full_verify1,0.2137,default-spec-unroll
nvidia3,4,nas-is,rank3_1,0.000415,default-spec-unroll
nvidia3,4,nas-is,rank3_0,0.009288,default-spec-unroll
nvidia3,4,nas-is,full_verify2,0.012851,default-spec-unroll
nvidia3,4,nas-is,rank3_2,0.003143,default-spec-unroll
nvidia3,4,nas-is,rank4,0.000474,default-spec-unroll
nvidia3,4,nas-is,rank0,0.000932,default-spec-unroll
nvidia3,4,nas-is,rank1,0.002106,default-spec-unroll
nvidia3,4,nas-is,create_seq,0.083453,default-spec-unroll
nvidia3,0,nas-sp,error_norm,0.000428,default-spec-unroll
nvidia3,0,nas-sp,compute_rhs4,0.015152,default-spec-unroll
nvidia3,0,nas-sp,ninvr,0.003427,default-spec-unroll
nvidia3,0,nas-sp,initialize2,0.000262,default-spec-unroll
nvidia3,0,nas-sp,add,0.003473,default-spec-unroll
nvidia3,0,nas-sp,tzetar,0.003857,default-spec-unroll
nvidia3,0,nas-sp,exact_rhs5,9.6e-05,default-spec-unroll
nvidia3,0,nas-sp,compute_rhs3,0.026259,default-spec-unroll
nvidia3,0,nas-sp,z_solve,0.062197,default-spec-unroll
nvidia3,0,nas-sp,x_solve,0.0758929999999999,default-spec-unroll
nvidia3,0,nas-sp,txinvr,0.004301,default-spec-unroll
nvidia3,0,nas-sp,initialize4,0.000167,default-spec-unroll
nvidia3,0,nas-sp,rhs_norm,0.000176,default-spec-unroll
nvidia3,0,nas-sp,exact_rhs3,0.000955,default-spec-unroll
nvidia3,0,nas-sp,compute_rhs5,0.014669,default-spec-unroll
nvidia3,0,nas-sp,exact_rhs2,0.001103,default-spec-unroll
nvidia3,0,nas-sp,initialize3,0.000187,default-spec-unroll
nvidia3,0,nas-sp,compute_rhs2,0.003466,default-spec-unroll
nvidia3,0,nas-sp,compute_rhs6,0.003288,default-spec-unroll
nvidia3,0,nas-sp,y_solve,0.0627339999999999,default-spec-unroll
nvidia3,0,nas-sp,exact_rhs1,0.000131,default-spec-unroll
nvidia3,0,nas-sp,pinvr,0.003434,default-spec-unroll
nvidia3,0,nas-sp,exact_rhs4,0.000932,default-spec-unroll
nvidia3,0,nas-sp,compute_rhs1,0.004248,default-spec-unroll
nvidia3,0,nas-sp,initialize5,0.000174,default-spec-unroll
nvidia3,0,nas-sp,initialize1,0.000308,default-spec-unroll
nvidia3,1,nas-sp,error_norm,0.00043,default-spec-unroll
nvidia3,1,nas-sp,compute_rhs4,0.015031,default-spec-unroll
nvidia3,1,nas-sp,ninvr,0.003181,default-spec-unroll
nvidia3,1,nas-sp,initialize2,0.000222,default-spec-unroll
nvidia3,1,nas-sp,add,0.003326,default-spec-unroll
nvidia3,1,nas-sp,tzetar,0.003699,default-spec-unroll
nvidia3,1,nas-sp,exact_rhs5,9.8e-05,default-spec-unroll
nvidia3,1,nas-sp,compute_rhs3,0.026047,default-spec-unroll
nvidia3,1,nas-sp,z_solve,0.061945,default-spec-unroll
nvidia3,1,nas-sp,x_solve,0.0757709999999999,default-spec-unroll
nvidia3,1,nas-sp,txinvr,0.003743,default-spec-unroll
nvidia3,1,nas-sp,initialize4,0.000161,default-spec-unroll
nvidia3,1,nas-sp,rhs_norm,0.000225,default-spec-unroll
nvidia3,1,nas-sp,exact_rhs3,0.00095,default-spec-unroll
nvidia3,1,nas-sp,compute_rhs5,0.014486,default-spec-unroll
nvidia3,1,nas-sp,exact_rhs2,0.001106,default-spec-unroll
nvidia3,1,nas-sp,initialize3,0.000182,default-spec-unroll
nvidia3,1,nas-sp,compute_rhs2,0.003289,default-spec-unroll
nvidia3,1,nas-sp,compute_rhs6,0.003079,default-spec-unroll
nvidia3,1,nas-sp,y_solve,0.0625259999999999,default-spec-unroll
nvidia3,1,nas-sp,exact_rhs1,0.000125,default-spec-unroll
nvidia3,1,nas-sp,pinvr,0.003169,default-spec-unroll
nvidia3,1,nas-sp,exact_rhs4,0.000942,default-spec-unroll
nvidia3,1,nas-sp,compute_rhs1,0.003761,default-spec-unroll
nvidia3,1,nas-sp,initialize5,0.00017,default-spec-unroll
nvidia3,1,nas-sp,initialize1,0.000301,default-spec-unroll
nvidia3,2,nas-sp,error_norm,0.000432,default-spec-unroll
nvidia3,2,nas-sp,compute_rhs4,0.015058,default-spec-unroll
nvidia3,2,nas-sp,ninvr,0.00322,default-spec-unroll
nvidia3,2,nas-sp,initialize2,0.000227,default-spec-unroll
nvidia3,2,nas-sp,add,0.003352,default-spec-unroll
nvidia3,2,nas-sp,tzetar,0.003726,default-spec-unroll
nvidia3,2,nas-sp,exact_rhs5,0.000127,default-spec-unroll
nvidia3,2,nas-sp,compute_rhs3,0.026108,default-spec-unroll
nvidia3,2,nas-sp,z_solve,0.062039,default-spec-unroll
nvidia3,2,nas-sp,x_solve,0.075779,default-spec-unroll
nvidia3,2,nas-sp,txinvr,0.003863,default-spec-unroll
nvidia3,2,nas-sp,initialize4,0.00018,default-spec-unroll
nvidia3,2,nas-sp,rhs_norm,0.000181,default-spec-unroll
nvidia3,2,nas-sp,exact_rhs3,0.000942,default-spec-unroll
nvidia3,2,nas-sp,compute_rhs5,0.014594,default-spec-unroll
nvidia3,2,nas-sp,exact_rhs2,0.001097,default-spec-unroll
nvidia3,2,nas-sp,initialize3,0.000173,default-spec-unroll
nvidia3,2,nas-sp,compute_rhs2,0.003297,default-spec-unroll
nvidia3,2,nas-sp,compute_rhs6,0.003168,default-spec-unroll
nvidia3,2,nas-sp,y_solve,0.0625999999999999,default-spec-unroll
nvidia3,2,nas-sp,exact_rhs1,0.000137,default-spec-unroll
nvidia3,2,nas-sp,pinvr,0.003143,default-spec-unroll
nvidia3,2,nas-sp,exact_rhs4,0.000922,default-spec-unroll
nvidia3,2,nas-sp,compute_rhs1,0.003836,default-spec-unroll
nvidia3,2,nas-sp,initialize5,0.000163,default-spec-unroll
nvidia3,2,nas-sp,initialize1,0.000281,default-spec-unroll
nvidia3,3,nas-sp,error_norm,0.000438,default-spec-unroll
nvidia3,3,nas-sp,compute_rhs4,0.015199,default-spec-unroll
nvidia3,3,nas-sp,ninvr,0.003467,default-spec-unroll
nvidia3,3,nas-sp,initialize2,0.000229,default-spec-unroll
nvidia3,3,nas-sp,add,0.003511,default-spec-unroll
nvidia3,3,nas-sp,tzetar,0.003932,default-spec-unroll
nvidia3,3,nas-sp,exact_rhs5,9.7e-05,default-spec-unroll
nvidia3,3,nas-sp,compute_rhs3,0.026298,default-spec-unroll
nvidia3,3,nas-sp,z_solve,0.062505,default-spec-unroll
nvidia3,3,nas-sp,x_solve,0.075894,default-spec-unroll
nvidia3,3,nas-sp,txinvr,0.004033,default-spec-unroll
nvidia3,3,nas-sp,initialize4,0.000168,default-spec-unroll
nvidia3,3,nas-sp,rhs_norm,0.000209,default-spec-unroll
nvidia3,3,nas-sp,exact_rhs3,0.000955,default-spec-unroll
nvidia3,3,nas-sp,compute_rhs5,0.01477,default-spec-unroll
nvidia3,3,nas-sp,exact_rhs2,0.001093,default-spec-unroll
nvidia3,3,nas-sp,initialize3,0.000175,default-spec-unroll
nvidia3,3,nas-sp,compute_rhs2,0.00345,default-spec-unroll
nvidia3,3,nas-sp,compute_rhs6,0.003261,default-spec-unroll
nvidia3,3,nas-sp,y_solve,0.0627369999999999,default-spec-unroll
nvidia3,3,nas-sp,exact_rhs1,0.000135,default-spec-unroll
nvidia3,3,nas-sp,pinvr,0.003398,default-spec-unroll
nvidia3,3,nas-sp,exact_rhs4,0.00095,default-spec-unroll
nvidia3,3,nas-sp,compute_rhs1,0.004086,default-spec-unroll
nvidia3,3,nas-sp,initialize5,0.000159,default-spec-unroll
nvidia3,3,nas-sp,initialize1,0.000273,default-spec-unroll
nvidia3,4,nas-sp,error_norm,0.000451,default-spec-unroll
nvidia3,4,nas-sp,compute_rhs4,0.015114,default-spec-unroll
nvidia3,4,nas-sp,ninvr,0.003483,default-spec-unroll
nvidia3,4,nas-sp,initialize2,0.000228,default-spec-unroll
nvidia3,4,nas-sp,add,0.003487,default-spec-unroll
nvidia3,4,nas-sp,tzetar,0.003955,default-spec-unroll
nvidia3,4,nas-sp,exact_rhs5,9e-05,default-spec-unroll
nvidia3,4,nas-sp,compute_rhs3,0.02631,default-spec-unroll
nvidia3,4,nas-sp,z_solve,0.062137,default-spec-unroll
nvidia3,4,nas-sp,x_solve,0.075854,default-spec-unroll
nvidia3,4,nas-sp,txinvr,0.004237,default-spec-unroll
nvidia3,4,nas-sp,initialize4,0.000159,default-spec-unroll
nvidia3,4,nas-sp,rhs_norm,0.000176,default-spec-unroll
nvidia3,4,nas-sp,exact_rhs3,0.000948,default-spec-unroll
nvidia3,4,nas-sp,compute_rhs5,0.014711,default-spec-unroll
nvidia3,4,nas-sp,exact_rhs2,0.001102,default-spec-unroll
nvidia3,4,nas-sp,initialize3,0.000181,default-spec-unroll
nvidia3,4,nas-sp,compute_rhs2,0.003441,default-spec-unroll
nvidia3,4,nas-sp,compute_rhs6,0.003283,default-spec-unroll
nvidia3,4,nas-sp,y_solve,0.0626929999999999,default-spec-unroll
nvidia3,4,nas-sp,exact_rhs1,0.000125,default-spec-unroll
nvidia3,4,nas-sp,pinvr,0.00343,default-spec-unroll
nvidia3,4,nas-sp,exact_rhs4,0.00102,default-spec-unroll
nvidia3,4,nas-sp,compute_rhs1,0.004469,default-spec-unroll
nvidia3,4,nas-sp,initialize5,0.00021,default-spec-unroll
nvidia3,4,nas-sp,initialize1,0.000286,default-spec-unroll
nvidia3,0,nv-bs,BlackScholes,0.054957,default-spec-unroll
nvidia3,1,nv-bs,BlackScholes,0.055627,default-spec-unroll
nvidia3,2,nv-bs,BlackScholes,0.050642,default-spec-unroll
nvidia3,3,nv-bs,BlackScholes,0.054234,default-spec-unroll
nvidia3,4,nv-bs,BlackScholes,0.053005,default-spec-unroll
nvidia3,0,nv-dct,DCT8x8,0.034138,default-spec-unroll
nvidia3,1,nv-dct,DCT8x8,0.034181,default-spec-unroll
nvidia3,2,nv-dct,DCT8x8,0.035495,default-spec-unroll
nvidia3,3,nv-dct,DCT8x8,0.035362,default-spec-unroll
nvidia3,4,nv-dct,DCT8x8,0.035061,default-spec-unroll
nvidia3,0,nv-fdtd,FiniteDifferences,0.095739,default-spec-unroll
nvidia3,1,nv-fdtd,FiniteDifferences,0.095516,default-spec-unroll
nvidia3,2,nv-fdtd,FiniteDifferences,0.095959,default-spec-unroll
nvidia3,3,nv-fdtd,FiniteDifferences,0.095614,default-spec-unroll
nvidia3,4,nv-fdtd,FiniteDifferences,0.09554,default-spec-unroll
nvidia3,0,particlefilter,find_index_kernel,28.26686,default-spec-unroll
nvidia3,0,particlefilter,normalize_weights_kernel,0.414149,default-spec-unroll
nvidia3,0,particlefilter,likelihood_kernel,2.204523,default-spec-unroll
nvidia3,0,particlefilter,sum_kernel,0.001182,default-spec-unroll
nvidia3,1,particlefilter,find_index_kernel,25.486433,default-spec-unroll
nvidia3,1,particlefilter,normalize_weights_kernel,0.414166,default-spec-unroll
nvidia3,1,particlefilter,likelihood_kernel,2.201452,default-spec-unroll
nvidia3,1,particlefilter,sum_kernel,0.001197,default-spec-unroll
nvidia3,2,particlefilter,find_index_kernel,25.513552,default-spec-unroll
nvidia3,2,particlefilter,normalize_weights_kernel,0.414198,default-spec-unroll
nvidia3,2,particlefilter,likelihood_kernel,2.201613,default-spec-unroll
nvidia3,2,particlefilter,sum_kernel,0.001197,default-spec-unroll
nvidia3,3,particlefilter,find_index_kernel,25.500586,default-spec-unroll
nvidia3,3,particlefilter,normalize_weights_kernel,0.414123,default-spec-unroll
nvidia3,3,particlefilter,likelihood_kernel,2.204237,default-spec-unroll
nvidia3,3,particlefilter,sum_kernel,0.001055,default-spec-unroll
nvidia3,4,particlefilter,find_index_kernel,25.516001,default-spec-unroll
nvidia3,4,particlefilter,normalize_weights_kernel,0.414212,default-spec-unroll
nvidia3,4,particlefilter,likelihood_kernel,2.205475,default-spec-unroll
nvidia3,4,particlefilter,sum_kernel,0.00112,default-spec-unroll
