cake0,0,blur,blur_ver,3.199635,default
cake0,0,blur,blur_hor,3.036071,default
cake0,1,blur,blur_ver,3.07646,default
cake0,1,blur,blur_hor,3.073753,default
cake0,2,blur,blur_ver,3.218476,default
cake0,2,blur,blur_hor,3.085292,default
cake0,3,blur,blur_ver,3.124482,default
cake0,3,blur,blur_hor,3.127597,default
cake0,4,blur,blur_ver,3.161757,default
cake0,4,blur,blur_hor,3.059636,default
cake0,0,mandelbrot,mandelGPU,10.808271,default
cake0,1,mandelbrot,mandelGPU,10.944269,default
cake0,2,mandelbrot,mandelGPU,10.953187,default
cake0,3,mandelbrot,mandelGPU,10.969782,default
cake0,4,mandelbrot,mandelGPU,10.888923,default
cake0,0,mmul,fmma,8.501512,default
cake0,1,mmul,fmma,8.688555,default
cake0,2,mmul,fmma,8.856618,default
cake0,3,mmul,fmma,8.747602,default
cake0,4,mmul,fmma,8.417443,default
cake0,0,nas-sp,error_norm,0.54482,default
cake0,0,nas-sp,compute_rhs4,0.920807,default
cake0,0,nas-sp,ninvr,0.715816000000001,default
cake0,0,nas-sp,initialize2,0.538231,default
cake0,0,nas-sp,add,0.693077000000001,default
cake0,0,nas-sp,tzetar,0.765878000000001,default
cake0,0,nas-sp,exact_rhs5,0.467407,default
cake0,0,nas-sp,compute_rhs3,0.922133,default
cake0,0,nas-sp,z_solve,1.093851,default
cake0,0,nas-sp,x_solve,1.066215,default
cake0,0,nas-sp,txinvr,0.770278,default
cake0,0,nas-sp,initialize4,0.467476,default
cake0,0,nas-sp,rhs_norm,0.488371,default
cake0,0,nas-sp,exact_rhs3,0.636985,default
cake0,0,nas-sp,compute_rhs5,0.953211,default
cake0,0,nas-sp,exact_rhs2,0.635768,default
cake0,0,nas-sp,initialize3,0.464258,default
cake0,0,nas-sp,compute_rhs2,0.705061000000001,default
cake0,0,nas-sp,compute_rhs6,0.731458,default
cake0,0,nas-sp,y_solve,1.098676,default
cake0,0,nas-sp,exact_rhs1,0.464763,default
cake0,0,nas-sp,pinvr,0.716261,default
cake0,0,nas-sp,exact_rhs4,0.654628,default
cake0,0,nas-sp,compute_rhs1,0.738001,default
cake0,0,nas-sp,initialize5,0.454089,default
cake0,0,nas-sp,initialize1,0.476428,default
cake0,1,nas-sp,error_norm,0.511656,default
cake0,1,nas-sp,compute_rhs4,0.934540000000001,default
cake0,1,nas-sp,ninvr,0.719791,default
cake0,1,nas-sp,initialize2,0.54128,default
cake0,1,nas-sp,add,0.708671,default
cake0,1,nas-sp,tzetar,0.763184,default
cake0,1,nas-sp,exact_rhs5,0.499635,default
cake0,1,nas-sp,compute_rhs3,0.915560999999999,default
cake0,1,nas-sp,z_solve,1.068592,default
cake0,1,nas-sp,x_solve,1.06089,default
cake0,1,nas-sp,txinvr,0.796579,default
cake0,1,nas-sp,initialize4,0.463372,default
cake0,1,nas-sp,rhs_norm,0.496914,default
cake0,1,nas-sp,exact_rhs3,0.685817,default
cake0,1,nas-sp,compute_rhs5,0.949559,default
cake0,1,nas-sp,exact_rhs2,0.631854,default
cake0,1,nas-sp,initialize3,0.459666,default
cake0,1,nas-sp,compute_rhs2,0.714783,default
cake0,1,nas-sp,compute_rhs6,0.71249,default
cake0,1,nas-sp,y_solve,1.055503,default
cake0,1,nas-sp,exact_rhs1,0.467275,default
cake0,1,nas-sp,pinvr,0.739758000000001,default
cake0,1,nas-sp,exact_rhs4,0.667687,default
cake0,1,nas-sp,compute_rhs1,0.78994,default
cake0,1,nas-sp,initialize5,0.467786,default
cake0,1,nas-sp,initialize1,0.423327,default
cake0,2,nas-sp,error_norm,0.51535,default
cake0,2,nas-sp,compute_rhs4,0.933746,default
cake0,2,nas-sp,ninvr,0.727418,default
cake0,2,nas-sp,initialize2,0.543325,default
cake0,2,nas-sp,add,0.729826,default
cake0,2,nas-sp,tzetar,0.788979,default
cake0,2,nas-sp,exact_rhs5,0.474421,default
cake0,2,nas-sp,compute_rhs3,0.916727,default
cake0,2,nas-sp,z_solve,1.094448,default
cake0,2,nas-sp,x_solve,1.108802,default
cake0,2,nas-sp,txinvr,0.738621999999999,default
cake0,2,nas-sp,initialize4,0.464841,default
cake0,2,nas-sp,rhs_norm,0.475395,default
cake0,2,nas-sp,exact_rhs3,0.676436,default
cake0,2,nas-sp,compute_rhs5,0.964398,default
cake0,2,nas-sp,exact_rhs2,0.646144,default
cake0,2,nas-sp,initialize3,0.464428,default
cake0,2,nas-sp,compute_rhs2,0.708045,default
cake0,2,nas-sp,compute_rhs6,0.733828,default
cake0,2,nas-sp,y_solve,1.044962,default
cake0,2,nas-sp,exact_rhs1,0.466497,default
cake0,2,nas-sp,pinvr,0.70981,default
cake0,2,nas-sp,exact_rhs4,0.646472,default
cake0,2,nas-sp,compute_rhs1,0.7497,default
cake0,2,nas-sp,initialize5,0.453198,default
cake0,2,nas-sp,initialize1,0.418289,default
cake0,3,nas-sp,error_norm,0.500853,default
cake0,3,nas-sp,compute_rhs4,0.923643,default
cake0,3,nas-sp,ninvr,0.722198,default
cake0,3,nas-sp,initialize2,0.527113,default
cake0,3,nas-sp,add,0.7661,default
cake0,3,nas-sp,tzetar,0.741086000000001,default
cake0,3,nas-sp,exact_rhs5,0.483176,default
cake0,3,nas-sp,compute_rhs3,0.933009000000001,default
cake0,3,nas-sp,z_solve,1.108787,default
cake0,3,nas-sp,x_solve,1.037618,default
cake0,3,nas-sp,txinvr,0.737173,default
cake0,3,nas-sp,initialize4,0.468053,default
cake0,3,nas-sp,rhs_norm,0.477572,default
cake0,3,nas-sp,exact_rhs3,0.655555,default
cake0,3,nas-sp,compute_rhs5,0.941876,default
cake0,3,nas-sp,exact_rhs2,0.620349,default
cake0,3,nas-sp,initialize3,0.462989,default
cake0,3,nas-sp,compute_rhs2,0.740007000000001,default
cake0,3,nas-sp,compute_rhs6,0.695377,default
cake0,3,nas-sp,y_solve,1.0495,default
cake0,3,nas-sp,exact_rhs1,0.489265,default
cake0,3,nas-sp,pinvr,0.702452,default
cake0,3,nas-sp,exact_rhs4,0.653021,default
cake0,3,nas-sp,compute_rhs1,0.764423000000001,default
cake0,3,nas-sp,initialize5,0.456643,default
cake0,3,nas-sp,initialize1,0.402089,default
cake0,4,nas-sp,error_norm,0.525998,default
cake0,4,nas-sp,compute_rhs4,0.971607000000001,default
cake0,4,nas-sp,ninvr,0.711316,default
cake0,4,nas-sp,initialize2,0.539849,default
cake0,4,nas-sp,add,0.738812000000001,default
cake0,4,nas-sp,tzetar,0.782324,default
cake0,4,nas-sp,exact_rhs5,0.476093,default
cake0,4,nas-sp,compute_rhs3,0.925592,default
cake0,4,nas-sp,z_solve,1.072323,default
cake0,4,nas-sp,x_solve,1.097199,default
cake0,4,nas-sp,txinvr,0.740577,default
cake0,4,nas-sp,initialize4,0.455503,default
cake0,4,nas-sp,rhs_norm,0.483463,default
cake0,4,nas-sp,exact_rhs3,0.656586,default
cake0,4,nas-sp,compute_rhs5,0.966982000000001,default
cake0,4,nas-sp,exact_rhs2,0.654687,default
cake0,4,nas-sp,initialize3,0.455131,default
cake0,4,nas-sp,compute_rhs2,0.700498,default
cake0,4,nas-sp,compute_rhs6,0.706347,default
cake0,4,nas-sp,y_solve,1.060156,default
cake0,4,nas-sp,exact_rhs1,0.467756,default
cake0,4,nas-sp,pinvr,0.72229,default
cake0,4,nas-sp,exact_rhs4,0.648183,default
cake0,4,nas-sp,compute_rhs1,0.758616,default
cake0,4,nas-sp,initialize5,0.459459,default
cake0,4,nas-sp,initialize1,0.409515,default
cake0,0,nas-cg,conj_grad_6,0.595859,default
cake0,0,nas-cg,main_0,0.483168,default
cake0,0,nas-cg,makea_1,0.581015,default
cake0,0,nas-cg,conj_grad_1,0.535697,default
cake0,0,nas-cg,conj_grad_0,0.575801,default
cake0,0,nas-cg,makea_2,0.497448,default
cake0,0,nas-cg,conj_grad_3,2.692804,default
cake0,0,nas-cg,makea_0,0.682856,default
cake0,0,nas-cg,makea_6,0.537151,default
cake0,0,nas-cg,main_3,0.552801,default
cake0,0,nas-cg,conj_grad_7,0.543796,default
cake0,0,nas-cg,init_mem_0,0.46802,default
cake0,0,nas-cg,main_2,0.471758,default
cake0,0,nas-cg,main_4,0.528336,default
cake0,0,nas-cg,makea_5,0.506037,default
cake0,0,nas-cg,conj_grad_5,2.496929,default
cake0,0,nas-cg,makea_4,0.510461,default
cake0,0,nas-cg,conj_grad_4,2.59277,default
cake0,0,nas-cg,makea_7,0.481069,default
cake0,0,nas-cg,makea_3,0.722906,default
cake0,0,nas-cg,main_1,0.459378,default
cake0,0,nas-cg,conj_grad_2,3.590625,default
cake0,0,nas-cg,init_mem_1,0.484903,default
cake0,1,nas-cg,conj_grad_6,0.612688,default
cake0,1,nas-cg,main_0,0.479613,default
cake0,1,nas-cg,makea_1,0.575579,default
cake0,1,nas-cg,conj_grad_1,0.517766,default
cake0,1,nas-cg,conj_grad_0,0.538349,default
cake0,1,nas-cg,makea_2,0.504409,default
cake0,1,nas-cg,conj_grad_3,2.708806,default
cake0,1,nas-cg,makea_0,0.724871,default
cake0,1,nas-cg,makea_6,0.531122,default
cake0,1,nas-cg,main_3,0.553857,default
cake0,1,nas-cg,conj_grad_7,0.558875,default
cake0,1,nas-cg,init_mem_0,0.48376,default
cake0,1,nas-cg,main_2,0.47438,default
cake0,1,nas-cg,main_4,0.572813,default
cake0,1,nas-cg,makea_5,0.509797,default
cake0,1,nas-cg,conj_grad_5,2.498688,default
cake0,1,nas-cg,makea_4,0.554522,default
cake0,1,nas-cg,conj_grad_4,2.675348,default
cake0,1,nas-cg,makea_7,0.496798,default
cake0,1,nas-cg,makea_3,0.743301,default
cake0,1,nas-cg,main_1,0.484705,default
cake0,1,nas-cg,conj_grad_2,3.602494,default
cake0,1,nas-cg,init_mem_1,0.504331,default
cake0,2,nas-cg,conj_grad_6,0.596559,default
cake0,2,nas-cg,main_0,0.480367,default
cake0,2,nas-cg,makea_1,0.692286,default
cake0,2,nas-cg,conj_grad_1,0.560596,default
cake0,2,nas-cg,conj_grad_0,0.553469,default
cake0,2,nas-cg,makea_2,0.494202,default
cake0,2,nas-cg,conj_grad_3,2.768831,default
cake0,2,nas-cg,makea_0,0.707092,default
cake0,2,nas-cg,makea_6,0.536626,default
cake0,2,nas-cg,main_3,0.554099,default
cake0,2,nas-cg,conj_grad_7,0.555909,default
cake0,2,nas-cg,init_mem_0,0.475279,default
cake0,2,nas-cg,main_2,0.486271,default
cake0,2,nas-cg,main_4,0.567982,default
cake0,2,nas-cg,makea_5,0.512008,default
cake0,2,nas-cg,conj_grad_5,2.567247,default
cake0,2,nas-cg,makea_4,0.522042,default
cake0,2,nas-cg,conj_grad_4,2.654197,default
cake0,2,nas-cg,makea_7,0.50566,default
cake0,2,nas-cg,makea_3,0.745443,default
cake0,2,nas-cg,main_1,0.445679,default
cake0,2,nas-cg,conj_grad_2,3.602127,default
cake0,2,nas-cg,init_mem_1,0.50193,default
cake0,3,nas-cg,conj_grad_6,0.604913,default
cake0,3,nas-cg,main_0,0.481096,default
cake0,3,nas-cg,makea_1,0.54623,default
cake0,3,nas-cg,conj_grad_1,0.541072,default
cake0,3,nas-cg,conj_grad_0,0.553376,default
cake0,3,nas-cg,makea_2,0.464897,default
cake0,3,nas-cg,conj_grad_3,2.723719,default
cake0,3,nas-cg,makea_0,0.695278,default
cake0,3,nas-cg,makea_6,0.531513,default
cake0,3,nas-cg,main_3,0.564081,default
cake0,3,nas-cg,conj_grad_7,0.554964,default
cake0,3,nas-cg,init_mem_0,0.474552,default
cake0,3,nas-cg,main_2,0.445006,default
cake0,3,nas-cg,main_4,0.535092,default
cake0,3,nas-cg,makea_5,0.51065,default
cake0,3,nas-cg,conj_grad_5,2.538525,default
cake0,3,nas-cg,makea_4,0.558029,default
cake0,3,nas-cg,conj_grad_4,2.608141,default
cake0,3,nas-cg,makea_7,0.492924,default
cake0,3,nas-cg,makea_3,0.760934,default
cake0,3,nas-cg,main_1,0.462011,default
cake0,3,nas-cg,conj_grad_2,3.637845,default
cake0,3,nas-cg,init_mem_1,0.496931,default
cake0,4,nas-cg,conj_grad_6,0.608512,default
cake0,4,nas-cg,main_0,0.505406,default
cake0,4,nas-cg,makea_1,0.539335,default
cake0,4,nas-cg,conj_grad_1,0.518428,default
cake0,4,nas-cg,conj_grad_0,0.552232,default
cake0,4,nas-cg,makea_2,0.47721,default
cake0,4,nas-cg,conj_grad_3,2.774364,default
cake0,4,nas-cg,makea_0,0.694439,default
cake0,4,nas-cg,makea_6,0.543135,default
cake0,4,nas-cg,main_3,0.553874,default
cake0,4,nas-cg,conj_grad_7,0.545164,default
cake0,4,nas-cg,init_mem_0,0.476173,default
cake0,4,nas-cg,main_2,0.461017,default
cake0,4,nas-cg,main_4,0.541828,default
cake0,4,nas-cg,makea_5,0.519481,default
cake0,4,nas-cg,conj_grad_5,2.538111,default
cake0,4,nas-cg,makea_4,0.591765,default
cake0,4,nas-cg,conj_grad_4,2.652004,default
cake0,4,nas-cg,makea_7,0.490718,default
cake0,4,nas-cg,makea_3,0.758443,default
cake0,4,nas-cg,main_1,0.446172,default
cake0,4,nas-cg,conj_grad_2,3.682689,default
cake0,4,nas-cg,init_mem_1,0.494886,default
cake0,0,nv-bs,BlackScholes,3.349617,default
cake0,1,nv-bs,BlackScholes,3.252287,default
cake0,2,nv-bs,BlackScholes,3.27052,default
cake0,3,nv-bs,BlackScholes,3.420587,default
cake0,4,nv-bs,BlackScholes,3.430435,default
cake0,0,nv-dct,DCT8x8,2.700935,default
cake0,1,nv-dct,DCT8x8,2.614747,default
cake0,2,nv-dct,DCT8x8,2.679692,default
cake0,3,nv-dct,DCT8x8,2.563893,default
cake0,4,nv-dct,DCT8x8,2.565611,default
cake0,0,particlefilter,find_index_kernel,2.292806,default
cake0,0,particlefilter,normalize_weights_kernel,1.112683,default
cake0,0,particlefilter,likelihood_kernel,4.253373,default
cake0,0,particlefilter,sum_kernel,0.817549,default
cake0,1,particlefilter,find_index_kernel,2.177349,default
cake0,1,particlefilter,normalize_weights_kernel,1.051722,default
cake0,1,particlefilter,likelihood_kernel,4.352868,default
cake0,1,particlefilter,sum_kernel,0.815385,default
cake0,2,particlefilter,find_index_kernel,2.261024,default
cake0,2,particlefilter,normalize_weights_kernel,1.059832,default
cake0,2,particlefilter,likelihood_kernel,4.445274,default
cake0,2,particlefilter,sum_kernel,0.82125,default
cake0,3,particlefilter,find_index_kernel,2.143702,default
cake0,3,particlefilter,normalize_weights_kernel,1.099236,default
cake0,3,particlefilter,likelihood_kernel,4.224217,default
cake0,3,particlefilter,sum_kernel,0.834186,default
cake0,4,particlefilter,find_index_kernel,2.293628,default
cake0,4,particlefilter,normalize_weights_kernel,1.066578,default
cake0,4,particlefilter,likelihood_kernel,4.423407,default
cake0,4,particlefilter,sum_kernel,0.842038,default
cake1,0,blur,blur_ver,4.518346,unroll
cake1,0,blur,blur_hor,4.196587,unroll
cake1,1,blur,blur_ver,4.454679,unroll
cake1,1,blur,blur_hor,4.34029,unroll
cake1,2,blur,blur_ver,4.558759,unroll
cake1,2,blur,blur_hor,4.238486,unroll
cake1,3,blur,blur_ver,4.92703,unroll
cake1,3,blur,blur_hor,4.146534,unroll
cake1,4,blur,blur_ver,4.562736,unroll
cake1,4,blur,blur_hor,4.02375,unroll
cake1,0,mandelbrot,mandelGPU,10.923763,unroll
cake1,1,mandelbrot,mandelGPU,10.660906,unroll
cake1,2,mandelbrot,mandelGPU,10.840381,unroll
cake1,3,mandelbrot,mandelGPU,10.978925,unroll
cake1,4,mandelbrot,mandelGPU,11.024271,unroll
cake1,0,mmul,fmma,9.902155,unroll
cake1,1,mmul,fmma,9.742246,unroll
cake1,2,mmul,fmma,9.55528,unroll
cake1,3,mmul,fmma,9.893999,unroll
cake1,4,mmul,fmma,9.970723,unroll
cake1,0,nas-sp,error_norm,0.567284,unroll
cake1,0,nas-sp,compute_rhs4,1.033724,unroll
cake1,0,nas-sp,ninvr,0.719019,unroll
cake1,0,nas-sp,initialize2,0.61133,unroll
cake1,0,nas-sp,add,0.758988,unroll
cake1,0,nas-sp,tzetar,0.80023,unroll
cake1,0,nas-sp,exact_rhs5,0.466662,unroll
cake1,0,nas-sp,compute_rhs3,1.044543,unroll
cake1,0,nas-sp,z_solve,1.175484,unroll
cake1,0,nas-sp,x_solve,1.20316,unroll
cake1,0,nas-sp,txinvr,0.765022,unroll
cake1,0,nas-sp,initialize4,0.488938,unroll
cake1,0,nas-sp,rhs_norm,0.505333,unroll
cake1,0,nas-sp,exact_rhs3,0.715722,unroll
cake1,0,nas-sp,compute_rhs5,1.004729,unroll
cake1,0,nas-sp,exact_rhs2,0.713416,unroll
cake1,0,nas-sp,initialize3,0.480806,unroll
cake1,0,nas-sp,compute_rhs2,0.758543,unroll
cake1,0,nas-sp,compute_rhs6,0.786415,unroll
cake1,0,nas-sp,y_solve,1.148775,unroll
cake1,0,nas-sp,exact_rhs1,0.492641,unroll
cake1,0,nas-sp,pinvr,0.741185000000001,unroll
cake1,0,nas-sp,exact_rhs4,0.727851,unroll
cake1,0,nas-sp,compute_rhs1,0.753861,unroll
cake1,0,nas-sp,initialize5,0.482526,unroll
cake1,0,nas-sp,initialize1,0.431626,unroll
cake1,1,nas-sp,error_norm,0.587211,unroll
cake1,1,nas-sp,compute_rhs4,1.125273,unroll
cake1,1,nas-sp,ninvr,0.720343000000001,unroll
cake1,1,nas-sp,initialize2,0.637159,unroll
cake1,1,nas-sp,add,0.713265,unroll
cake1,1,nas-sp,tzetar,0.797398,unroll
cake1,1,nas-sp,exact_rhs5,0.498113,unroll
cake1,1,nas-sp,compute_rhs3,1.018277,unroll
cake1,1,nas-sp,z_solve,1.198096,unroll
cake1,1,nas-sp,x_solve,1.124522,unroll
cake1,1,nas-sp,txinvr,0.748167,unroll
cake1,1,nas-sp,initialize4,0.493758,unroll
cake1,1,nas-sp,rhs_norm,0.498261,unroll
cake1,1,nas-sp,exact_rhs3,0.725969,unroll
cake1,1,nas-sp,compute_rhs5,1.05356,unroll
cake1,1,nas-sp,exact_rhs2,0.71938,unroll
cake1,1,nas-sp,initialize3,0.474038,unroll
cake1,1,nas-sp,compute_rhs2,0.733655,unroll
cake1,1,nas-sp,compute_rhs6,0.730448000000001,unroll
cake1,1,nas-sp,y_solve,1.172574,unroll
cake1,1,nas-sp,exact_rhs1,0.482664,unroll
cake1,1,nas-sp,pinvr,0.714958999999999,unroll
cake1,1,nas-sp,exact_rhs4,0.727319,unroll
cake1,1,nas-sp,compute_rhs1,0.769399,unroll
cake1,1,nas-sp,initialize5,0.472921,unroll
cake1,1,nas-sp,initialize1,0.42724,unroll
cake1,2,nas-sp,error_norm,0.550743,unroll
cake1,2,nas-sp,compute_rhs4,1.027214,unroll
cake1,2,nas-sp,ninvr,0.717783,unroll
cake1,2,nas-sp,initialize2,0.612464,unroll
cake1,2,nas-sp,add,0.703342999999999,unroll
cake1,2,nas-sp,tzetar,0.752583,unroll
cake1,2,nas-sp,exact_rhs5,0.478268,unroll
cake1,2,nas-sp,compute_rhs3,1.047518,unroll
cake1,2,nas-sp,z_solve,1.197233,unroll
cake1,2,nas-sp,x_solve,1.144935,unroll
cake1,2,nas-sp,txinvr,0.745246,unroll
cake1,2,nas-sp,initialize4,0.479887,unroll
cake1,2,nas-sp,rhs_norm,0.507008,unroll
cake1,2,nas-sp,exact_rhs3,0.72485,unroll
cake1,2,nas-sp,compute_rhs5,1.056528,unroll
cake1,2,nas-sp,exact_rhs2,0.837441,unroll
cake1,2,nas-sp,initialize3,0.477508,unroll
cake1,2,nas-sp,compute_rhs2,0.723487,unroll
cake1,2,nas-sp,compute_rhs6,0.7084,unroll
cake1,2,nas-sp,y_solve,1.147651,unroll
cake1,2,nas-sp,exact_rhs1,0.479063,unroll
cake1,2,nas-sp,pinvr,0.720184000000001,unroll
cake1,2,nas-sp,exact_rhs4,0.737954,unroll
cake1,2,nas-sp,compute_rhs1,0.755621000000001,unroll
cake1,2,nas-sp,initialize5,0.476334,unroll
cake1,2,nas-sp,initialize1,0.410193,unroll
cake1,3,nas-sp,error_norm,0.559133,unroll
cake1,3,nas-sp,compute_rhs4,1.032878,unroll
cake1,3,nas-sp,ninvr,0.722952,unroll
cake1,3,nas-sp,initialize2,0.598797,unroll
cake1,3,nas-sp,add,0.746359,unroll
cake1,3,nas-sp,tzetar,0.788537,unroll
cake1,3,nas-sp,exact_rhs5,0.486462,unroll
cake1,3,nas-sp,compute_rhs3,1.019561,unroll
cake1,3,nas-sp,z_solve,1.194574,unroll
cake1,3,nas-sp,x_solve,1.15787,unroll
cake1,3,nas-sp,txinvr,0.744325,unroll
cake1,3,nas-sp,initialize4,0.478585,unroll
cake1,3,nas-sp,rhs_norm,0.513045,unroll
cake1,3,nas-sp,exact_rhs3,0.73063,unroll
cake1,3,nas-sp,compute_rhs5,1.047001,unroll
cake1,3,nas-sp,exact_rhs2,0.722763,unroll
cake1,3,nas-sp,initialize3,0.469463,unroll
cake1,3,nas-sp,compute_rhs2,0.754470000000001,unroll
cake1,3,nas-sp,compute_rhs6,0.710425000000001,unroll
cake1,3,nas-sp,y_solve,1.155481,unroll
cake1,3,nas-sp,exact_rhs1,0.47726,unroll
cake1,3,nas-sp,pinvr,0.725265000000001,unroll
cake1,3,nas-sp,exact_rhs4,0.870201,unroll
cake1,3,nas-sp,compute_rhs1,0.740855000000001,unroll
cake1,3,nas-sp,initialize5,0.480259,unroll
cake1,3,nas-sp,initialize1,0.432759,unroll
cake1,4,nas-sp,error_norm,0.566141,unroll
cake1,4,nas-sp,compute_rhs4,1.036932,unroll
cake1,4,nas-sp,ninvr,0.778105,unroll
cake1,4,nas-sp,initialize2,0.612918,unroll
cake1,4,nas-sp,add,0.721354,unroll
cake1,4,nas-sp,tzetar,0.754941,unroll
cake1,4,nas-sp,exact_rhs5,0.500601,unroll
cake1,4,nas-sp,compute_rhs3,1.018624,unroll
cake1,4,nas-sp,z_solve,1.161613,unroll
cake1,4,nas-sp,x_solve,1.15671,unroll
cake1,4,nas-sp,txinvr,0.768362,unroll
cake1,4,nas-sp,initialize4,0.471138,unroll
cake1,4,nas-sp,rhs_norm,0.498933,unroll
cake1,4,nas-sp,exact_rhs3,0.722657,unroll
cake1,4,nas-sp,compute_rhs5,1.052313,unroll
cake1,4,nas-sp,exact_rhs2,0.71803,unroll
cake1,4,nas-sp,initialize3,0.464388,unroll
cake1,4,nas-sp,compute_rhs2,0.708290000000001,unroll
cake1,4,nas-sp,compute_rhs6,0.717832999999999,unroll
cake1,4,nas-sp,y_solve,1.138422,unroll
cake1,4,nas-sp,exact_rhs1,0.469126,unroll
cake1,4,nas-sp,pinvr,0.721049999999998,unroll
cake1,4,nas-sp,exact_rhs4,0.730129,unroll
cake1,4,nas-sp,compute_rhs1,0.736887,unroll
cake1,4,nas-sp,initialize5,0.474341,unroll
cake1,4,nas-sp,initialize1,0.428547,unroll
cake1,0,nas-cg,conj_grad_6,0.609835,unroll
cake1,0,nas-cg,main_0,0.500229,unroll
cake1,0,nas-cg,makea_1,0.560718,unroll
cake1,0,nas-cg,conj_grad_1,0.546041,unroll
cake1,0,nas-cg,conj_grad_0,0.564001,unroll
cake1,0,nas-cg,makea_2,0.52226,unroll
cake1,0,nas-cg,conj_grad_3,2.794775,unroll
cake1,0,nas-cg,makea_0,0.760966,unroll
cake1,0,nas-cg,makea_6,0.529383,unroll
cake1,0,nas-cg,main_3,0.571088,unroll
cake1,0,nas-cg,conj_grad_7,0.554659,unroll
cake1,0,nas-cg,init_mem_0,0.486445,unroll
cake1,0,nas-cg,main_2,0.473278,unroll
cake1,0,nas-cg,main_4,0.542996,unroll
cake1,0,nas-cg,makea_5,0.51884,unroll
cake1,0,nas-cg,conj_grad_5,2.592428,unroll
cake1,0,nas-cg,makea_4,0.577519,unroll
cake1,0,nas-cg,conj_grad_4,2.673741,unroll
cake1,0,nas-cg,makea_7,0.491509,unroll
cake1,0,nas-cg,makea_3,0.89514,unroll
cake1,0,nas-cg,main_1,0.457304,unroll
cake1,0,nas-cg,conj_grad_2,3.671547,unroll
cake1,0,nas-cg,init_mem_1,0.516358,unroll
cake1,1,nas-cg,conj_grad_6,0.639834,unroll
cake1,1,nas-cg,main_0,0.470972,unroll
cake1,1,nas-cg,makea_1,0.544004,unroll
cake1,1,nas-cg,conj_grad_1,0.53752,unroll
cake1,1,nas-cg,conj_grad_0,0.549948,unroll
cake1,1,nas-cg,makea_2,0.495045,unroll
cake1,1,nas-cg,conj_grad_3,2.76692500000001,unroll
cake1,1,nas-cg,makea_0,0.723846,unroll
cake1,1,nas-cg,makea_6,0.567065,unroll
cake1,1,nas-cg,main_3,0.584746,unroll
cake1,1,nas-cg,conj_grad_7,0.578767,unroll
cake1,1,nas-cg,init_mem_0,0.476318,unroll
cake1,1,nas-cg,main_2,0.507252,unroll
cake1,1,nas-cg,main_4,0.580631,unroll
cake1,1,nas-cg,makea_5,0.516719,unroll
cake1,1,nas-cg,conj_grad_5,2.548691,unroll
cake1,1,nas-cg,makea_4,0.52057,unroll
cake1,1,nas-cg,conj_grad_4,2.632276,unroll
cake1,1,nas-cg,makea_7,0.485324,unroll
cake1,1,nas-cg,makea_3,0.890627,unroll
cake1,1,nas-cg,main_1,0.468902,unroll
cake1,1,nas-cg,conj_grad_2,3.692455,unroll
cake1,1,nas-cg,init_mem_1,0.486146,unroll
cake1,2,nas-cg,conj_grad_6,0.611804,unroll
cake1,2,nas-cg,main_0,0.508892,unroll
cake1,2,nas-cg,makea_1,0.542228,unroll
cake1,2,nas-cg,conj_grad_1,0.545421,unroll
cake1,2,nas-cg,conj_grad_0,0.565119,unroll
cake1,2,nas-cg,makea_2,0.519818,unroll
cake1,2,nas-cg,conj_grad_3,2.751946,unroll
cake1,2,nas-cg,makea_0,0.734817,unroll
cake1,2,nas-cg,makea_6,0.51485,unroll
cake1,2,nas-cg,main_3,0.564136,unroll
cake1,2,nas-cg,conj_grad_7,0.560242,unroll
cake1,2,nas-cg,init_mem_0,0.479187,unroll
cake1,2,nas-cg,main_2,0.457997,unroll
cake1,2,nas-cg,main_4,0.557301,unroll
cake1,2,nas-cg,makea_5,0.552381,unroll
cake1,2,nas-cg,conj_grad_5,2.542426,unroll
cake1,2,nas-cg,makea_4,0.552018,unroll
cake1,2,nas-cg,conj_grad_4,2.649784,unroll
cake1,2,nas-cg,makea_7,0.46885,unroll
cake1,2,nas-cg,makea_3,0.928199,unroll
cake1,2,nas-cg,main_1,0.44612,unroll
cake1,2,nas-cg,conj_grad_2,3.69571,unroll
cake1,2,nas-cg,init_mem_1,0.507725,unroll
cake1,3,nas-cg,conj_grad_6,0.599009,unroll
cake1,3,nas-cg,main_0,0.469278,unroll
cake1,3,nas-cg,makea_1,0.550841,unroll
cake1,3,nas-cg,conj_grad_1,0.536599,unroll
cake1,3,nas-cg,conj_grad_0,0.548739,unroll
cake1,3,nas-cg,makea_2,0.495897,unroll
cake1,3,nas-cg,conj_grad_3,2.723496,unroll
cake1,3,nas-cg,makea_0,0.745991,unroll
cake1,3,nas-cg,makea_6,0.541995,unroll
cake1,3,nas-cg,main_3,0.550131,unroll
cake1,3,nas-cg,conj_grad_7,0.556952,unroll
cake1,3,nas-cg,init_mem_0,0.457473,unroll
cake1,3,nas-cg,main_2,0.494494,unroll
cake1,3,nas-cg,main_4,0.545586,unroll
cake1,3,nas-cg,makea_5,0.518752,unroll
cake1,3,nas-cg,conj_grad_5,2.513478,unroll
cake1,3,nas-cg,makea_4,0.541208,unroll
cake1,3,nas-cg,conj_grad_4,2.58568,unroll
cake1,3,nas-cg,makea_7,0.490168,unroll
cake1,3,nas-cg,makea_3,0.919107,unroll
cake1,3,nas-cg,main_1,0.462552,unroll
cake1,3,nas-cg,conj_grad_2,3.64682,unroll
cake1,3,nas-cg,init_mem_1,0.496765,unroll
cake1,4,nas-cg,conj_grad_6,0.617248,unroll
cake1,4,nas-cg,main_0,0.481271,unroll
cake1,4,nas-cg,makea_1,0.565107,unroll
cake1,4,nas-cg,conj_grad_1,0.537381,unroll
cake1,4,nas-cg,conj_grad_0,0.558713,unroll
cake1,4,nas-cg,makea_2,0.520996,unroll
cake1,4,nas-cg,conj_grad_3,2.727564,unroll
cake1,4,nas-cg,makea_0,0.737666,unroll
cake1,4,nas-cg,makea_6,0.542416,unroll
cake1,4,nas-cg,main_3,0.557391,unroll
cake1,4,nas-cg,conj_grad_7,0.562363,unroll
cake1,4,nas-cg,init_mem_0,0.479657,unroll
cake1,4,nas-cg,main_2,0.472677,unroll
cake1,4,nas-cg,main_4,0.537492,unroll
cake1,4,nas-cg,makea_5,0.530292,unroll
cake1,4,nas-cg,conj_grad_5,2.560589,unroll
cake1,4,nas-cg,makea_4,0.540464,unroll
cake1,4,nas-cg,conj_grad_4,2.644898,unroll
cake1,4,nas-cg,makea_7,0.496018,unroll
cake1,4,nas-cg,makea_3,0.952334,unroll
cake1,4,nas-cg,main_1,0.447317,unroll
cake1,4,nas-cg,conj_grad_2,3.688805,unroll
cake1,4,nas-cg,init_mem_1,0.481449,unroll
cake1,0,nv-bs,BlackScholes,3.456047,unroll
cake1,1,nv-bs,BlackScholes,3.33586,unroll
cake1,2,nv-bs,BlackScholes,3.400542,unroll
cake1,3,nv-bs,BlackScholes,3.326366,unroll
cake1,4,nv-bs,BlackScholes,3.277062,unroll
cake1,0,nv-dct,DCT8x8,2.577815,unroll
cake1,1,nv-dct,DCT8x8,2.562658,unroll
cake1,2,nv-dct,DCT8x8,2.472849,unroll
cake1,3,nv-dct,DCT8x8,2.619452,unroll
cake1,4,nv-dct,DCT8x8,2.692646,unroll
cake1,0,particlefilter,find_index_kernel,2.248013,unroll
cake1,0,particlefilter,normalize_weights_kernel,1.084081,unroll
cake1,0,particlefilter,likelihood_kernel,4.250728,unroll
cake1,0,particlefilter,sum_kernel,0.835711,unroll
cake1,1,particlefilter,find_index_kernel,2.267842,unroll
cake1,1,particlefilter,normalize_weights_kernel,1.045965,unroll
cake1,1,particlefilter,likelihood_kernel,4.348557,unroll
cake1,1,particlefilter,sum_kernel,0.78855,unroll
cake1,2,particlefilter,find_index_kernel,2.243669,unroll
cake1,2,particlefilter,normalize_weights_kernel,1.107794,unroll
cake1,2,particlefilter,likelihood_kernel,4.265149,unroll
cake1,2,particlefilter,sum_kernel,0.814869,unroll
cake1,3,particlefilter,find_index_kernel,2.361623,unroll
cake1,3,particlefilter,normalize_weights_kernel,1.096409,unroll
cake1,3,particlefilter,likelihood_kernel,4.218094,unroll
cake1,3,particlefilter,sum_kernel,0.806338,unroll
cake1,4,particlefilter,find_index_kernel,2.302553,unroll
cake1,4,particlefilter,normalize_weights_kernel,1.070842,unroll
cake1,4,particlefilter,likelihood_kernel,4.376541,unroll
cake1,4,particlefilter,sum_kernel,0.786418,unroll
cake2,0,blur,blur_ver,4.63115,O3
cake2,0,blur,blur_hor,4.216209,O3
cake2,1,blur,blur_ver,4.587123,O3
cake2,1,blur,blur_hor,4.109027,O3
cake2,2,blur,blur_ver,4.443939,O3
cake2,2,blur,blur_hor,4.364442,O3
cake2,3,blur,blur_ver,4.61329,O3
cake2,3,blur,blur_hor,4.303858,O3
cake2,4,blur,blur_ver,4.539341,O3
cake2,4,blur,blur_hor,4.471936,O3
cake2,0,mandelbrot,mandelGPU,11.010529,O3
cake2,1,mandelbrot,mandelGPU,11.084056,O3
cake2,2,mandelbrot,mandelGPU,11.195144,O3
cake2,3,mandelbrot,mandelGPU,10.950301,O3
cake2,4,mandelbrot,mandelGPU,11.014599,O3
cake2,0,mmul,fmma,9.883357,O3
cake2,1,mmul,fmma,9.702648,O3
cake2,2,mmul,fmma,9.88742,O3
cake2,3,mmul,fmma,10.033696,O3
cake2,4,mmul,fmma,10.107484,O3
cake2,0,nas-sp,error_norm,0.596987,O3
cake2,0,nas-sp,compute_rhs4,1.174964,O3
cake2,0,nas-sp,ninvr,0.719514000000001,O3
cake2,0,nas-sp,initialize2,0.687735,O3
cake2,0,nas-sp,add,0.757054,O3
cake2,0,nas-sp,tzetar,1.023367,O3
cake2,0,nas-sp,exact_rhs5,0.491124,O3
cake2,0,nas-sp,compute_rhs3,1.210568,O3
cake2,0,nas-sp,z_solve,1.422472,O3
cake2,0,nas-sp,x_solve,1.4453,O3
cake2,0,nas-sp,txinvr,0.783838,O3
cake2,0,nas-sp,initialize4,0.522908,O3
cake2,0,nas-sp,rhs_norm,0.551734,O3
cake2,0,nas-sp,exact_rhs3,0.831383,O3
cake2,0,nas-sp,compute_rhs5,1.254322,O3
cake2,0,nas-sp,exact_rhs2,0.828689,O3
cake2,0,nas-sp,initialize3,0.517318,O3
cake2,0,nas-sp,compute_rhs2,0.744577000000001,O3
cake2,0,nas-sp,compute_rhs6,0.744323,O3
cake2,0,nas-sp,y_solve,1.435023,O3
cake2,0,nas-sp,exact_rhs1,0.491486,O3
cake2,0,nas-sp,pinvr,0.747001000000001,O3
cake2,0,nas-sp,exact_rhs4,0.83706,O3
cake2,0,nas-sp,compute_rhs1,0.834196,O3
cake2,0,nas-sp,initialize5,0.516072,O3
cake2,0,nas-sp,initialize1,0.439596,O3
cake2,1,nas-sp,error_norm,0.650068,O3
cake2,1,nas-sp,compute_rhs4,1.175493,O3
cake2,1,nas-sp,ninvr,0.730365000000001,O3
cake2,1,nas-sp,initialize2,0.675682,O3
cake2,1,nas-sp,add,0.755091000000001,O3
cake2,1,nas-sp,tzetar,0.770953,O3
cake2,1,nas-sp,exact_rhs5,0.499856,O3
cake2,1,nas-sp,compute_rhs3,1.194915,O3
cake2,1,nas-sp,z_solve,1.412708,O3
cake2,1,nas-sp,x_solve,1.433248,O3
cake2,1,nas-sp,txinvr,0.774015000000001,O3
cake2,1,nas-sp,initialize4,0.522912,O3
cake2,1,nas-sp,rhs_norm,0.559249,O3
cake2,1,nas-sp,exact_rhs3,0.855149,O3
cake2,1,nas-sp,compute_rhs5,1.202713,O3
cake2,1,nas-sp,exact_rhs2,0.824829,O3
cake2,1,nas-sp,initialize3,0.499586,O3
cake2,1,nas-sp,compute_rhs2,0.764487,O3
cake2,1,nas-sp,compute_rhs6,0.721996,O3
cake2,1,nas-sp,y_solve,1.435715,O3
cake2,1,nas-sp,exact_rhs1,0.503899,O3
cake2,1,nas-sp,pinvr,0.796054,O3
cake2,1,nas-sp,exact_rhs4,0.837685,O3
cake2,1,nas-sp,compute_rhs1,0.770463,O3
cake2,1,nas-sp,initialize5,0.513605,O3
cake2,1,nas-sp,initialize1,0.437026,O3
cake2,2,nas-sp,error_norm,0.59823,O3
cake2,2,nas-sp,compute_rhs4,1.188183,O3
cake2,2,nas-sp,ninvr,0.758625000000001,O3
cake2,2,nas-sp,initialize2,0.686305,O3
cake2,2,nas-sp,add,0.736478,O3
cake2,2,nas-sp,tzetar,0.785921,O3
cake2,2,nas-sp,exact_rhs5,0.541302,O3
cake2,2,nas-sp,compute_rhs3,1.145054,O3
cake2,2,nas-sp,z_solve,1.436023,O3
cake2,2,nas-sp,x_solve,1.476261,O3
cake2,2,nas-sp,txinvr,0.790406000000001,O3
cake2,2,nas-sp,initialize4,0.502732,O3
cake2,2,nas-sp,rhs_norm,0.531491,O3
cake2,2,nas-sp,exact_rhs3,0.849155,O3
cake2,2,nas-sp,compute_rhs5,1.211832,O3
cake2,2,nas-sp,exact_rhs2,0.807074,O3
cake2,2,nas-sp,initialize3,0.503111,O3
cake2,2,nas-sp,compute_rhs2,0.763492,O3
cake2,2,nas-sp,compute_rhs6,0.746451,O3
cake2,2,nas-sp,y_solve,1.435771,O3
cake2,2,nas-sp,exact_rhs1,0.49039,O3
cake2,2,nas-sp,pinvr,0.746659,O3
cake2,2,nas-sp,exact_rhs4,0.803946,O3
cake2,2,nas-sp,compute_rhs1,0.800742,O3
cake2,2,nas-sp,initialize5,0.504909,O3
cake2,2,nas-sp,initialize1,0.431688,O3
cake2,3,nas-sp,error_norm,0.608723,O3
cake2,3,nas-sp,compute_rhs4,1.185025,O3
cake2,3,nas-sp,ninvr,0.757846000000001,O3
cake2,3,nas-sp,initialize2,0.683753,O3
cake2,3,nas-sp,add,0.769224,O3
cake2,3,nas-sp,tzetar,0.777647,O3
cake2,3,nas-sp,exact_rhs5,0.487806,O3
cake2,3,nas-sp,compute_rhs3,1.203562,O3
cake2,3,nas-sp,z_solve,1.43824,O3
cake2,3,nas-sp,x_solve,1.405355,O3
cake2,3,nas-sp,txinvr,0.779639,O3
cake2,3,nas-sp,initialize4,0.503526,O3
cake2,3,nas-sp,rhs_norm,0.551661,O3
cake2,3,nas-sp,exact_rhs3,0.83613,O3
cake2,3,nas-sp,compute_rhs5,1.171055,O3
cake2,3,nas-sp,exact_rhs2,0.812593,O3
cake2,3,nas-sp,initialize3,0.520949,O3
cake2,3,nas-sp,compute_rhs2,0.732571000000001,O3
cake2,3,nas-sp,compute_rhs6,0.890314000000001,O3
cake2,3,nas-sp,y_solve,1.401879,O3
cake2,3,nas-sp,exact_rhs1,0.491586,O3
cake2,3,nas-sp,pinvr,0.763420000000001,O3
cake2,3,nas-sp,exact_rhs4,0.966366,O3
cake2,3,nas-sp,compute_rhs1,0.801368,O3
cake2,3,nas-sp,initialize5,0.547424,O3
cake2,3,nas-sp,initialize1,0.430631,O3
cake2,4,nas-sp,error_norm,0.60032,O3
cake2,4,nas-sp,compute_rhs4,1.162372,O3
cake2,4,nas-sp,ninvr,0.749032000000001,O3
cake2,4,nas-sp,initialize2,0.684145,O3
cake2,4,nas-sp,add,0.756157000000001,O3
cake2,4,nas-sp,tzetar,0.780914,O3
cake2,4,nas-sp,exact_rhs5,0.497664,O3
cake2,4,nas-sp,compute_rhs3,1.219779,O3
cake2,4,nas-sp,z_solve,1.434151,O3
cake2,4,nas-sp,x_solve,1.450958,O3
cake2,4,nas-sp,txinvr,0.758942,O3
cake2,4,nas-sp,initialize4,0.523345,O3
cake2,4,nas-sp,rhs_norm,0.574927,O3
cake2,4,nas-sp,exact_rhs3,0.8096,O3
cake2,4,nas-sp,compute_rhs5,1.225103,O3
cake2,4,nas-sp,exact_rhs2,0.825026,O3
cake2,4,nas-sp,initialize3,0.500059,O3
cake2,4,nas-sp,compute_rhs2,0.742993,O3
cake2,4,nas-sp,compute_rhs6,0.934951,O3
cake2,4,nas-sp,y_solve,1.405212,O3
cake2,4,nas-sp,exact_rhs1,0.479247,O3
cake2,4,nas-sp,pinvr,0.779927000000001,O3
cake2,4,nas-sp,exact_rhs4,0.854649,O3
cake2,4,nas-sp,compute_rhs1,0.812847,O3
cake2,4,nas-sp,initialize5,0.503206,O3
cake2,4,nas-sp,initialize1,0.421503,O3
cake2,0,nas-cg,conj_grad_6,0.614417,O3
cake2,0,nas-cg,main_0,0.487666,O3
cake2,0,nas-cg,makea_1,0.58072,O3
cake2,0,nas-cg,conj_grad_1,0.548072,O3
cake2,0,nas-cg,conj_grad_0,0.565413,O3
cake2,0,nas-cg,makea_2,0.5148,O3
cake2,0,nas-cg,conj_grad_3,2.783416,O3
cake2,0,nas-cg,makea_0,0.816116,O3
cake2,0,nas-cg,makea_6,0.535533,O3
cake2,0,nas-cg,main_3,0.558214,O3
cake2,0,nas-cg,conj_grad_7,0.569989,O3
cake2,0,nas-cg,init_mem_0,0.481926,O3
cake2,0,nas-cg,main_2,0.471169,O3
cake2,0,nas-cg,main_4,0.5496,O3
cake2,0,nas-cg,makea_5,0.523078,O3
cake2,0,nas-cg,conj_grad_5,2.55075,O3
cake2,0,nas-cg,makea_4,0.511108,O3
cake2,0,nas-cg,conj_grad_4,2.662866,O3
cake2,0,nas-cg,makea_7,0.506788,O3
cake2,0,nas-cg,makea_3,1.011138,O3
cake2,0,nas-cg,main_1,0.463226,O3
cake2,0,nas-cg,conj_grad_2,3.71491100000001,O3
cake2,0,nas-cg,init_mem_1,0.491339,O3
cake2,1,nas-cg,conj_grad_6,0.609504,O3
cake2,1,nas-cg,main_0,0.481898,O3
cake2,1,nas-cg,makea_1,0.550808,O3
cake2,1,nas-cg,conj_grad_1,0.562778,O3
cake2,1,nas-cg,conj_grad_0,0.548265,O3
cake2,1,nas-cg,makea_2,0.517243,O3
cake2,1,nas-cg,conj_grad_3,2.738896,O3
cake2,1,nas-cg,makea_0,0.882226,O3
cake2,1,nas-cg,makea_6,0.541547,O3
cake2,1,nas-cg,main_3,0.586829,O3
cake2,1,nas-cg,conj_grad_7,0.545258,O3
cake2,1,nas-cg,init_mem_0,0.479708,O3
cake2,1,nas-cg,main_2,0.471958,O3
cake2,1,nas-cg,main_4,0.544548,O3
cake2,1,nas-cg,makea_5,0.530275,O3
cake2,1,nas-cg,conj_grad_5,2.591817,O3
cake2,1,nas-cg,makea_4,0.526489,O3
cake2,1,nas-cg,conj_grad_4,2.622608,O3
cake2,1,nas-cg,makea_7,0.508941,O3
cake2,1,nas-cg,makea_3,0.915309,O3
cake2,1,nas-cg,main_1,0.603124,O3
cake2,1,nas-cg,conj_grad_2,3.669904,O3
cake2,1,nas-cg,init_mem_1,0.487093,O3
cake2,2,nas-cg,conj_grad_6,0.599101,O3
cake2,2,nas-cg,main_0,0.492396,O3
cake2,2,nas-cg,makea_1,0.59254,O3
cake2,2,nas-cg,conj_grad_1,0.554234,O3
cake2,2,nas-cg,conj_grad_0,0.556039,O3
cake2,2,nas-cg,makea_2,0.511422,O3
cake2,2,nas-cg,conj_grad_3,2.741253,O3
cake2,2,nas-cg,makea_0,0.816709,O3
cake2,2,nas-cg,makea_6,0.546363,O3
cake2,2,nas-cg,main_3,0.625335,O3
cake2,2,nas-cg,conj_grad_7,0.568069,O3
cake2,2,nas-cg,init_mem_0,0.485647,O3
cake2,2,nas-cg,main_2,0.481744,O3
cake2,2,nas-cg,main_4,0.551219,O3
cake2,2,nas-cg,makea_5,0.532886,O3
cake2,2,nas-cg,conj_grad_5,2.549851,O3
cake2,2,nas-cg,makea_4,0.538325,O3
cake2,2,nas-cg,conj_grad_4,2.659129,O3
cake2,2,nas-cg,makea_7,0.482939,O3
cake2,2,nas-cg,makea_3,1.048521,O3
cake2,2,nas-cg,main_1,0.496738,O3
cake2,2,nas-cg,conj_grad_2,3.764665,O3
cake2,2,nas-cg,init_mem_1,0.504282,O3
cake2,3,nas-cg,conj_grad_6,0.595259,O3
cake2,3,nas-cg,main_0,0.505128,O3
cake2,3,nas-cg,makea_1,0.587337,O3
cake2,3,nas-cg,conj_grad_1,0.543487,O3
cake2,3,nas-cg,conj_grad_0,0.553514,O3
cake2,3,nas-cg,makea_2,0.503712,O3
cake2,3,nas-cg,conj_grad_3,2.759817,O3
cake2,3,nas-cg,makea_0,0.813262,O3
cake2,3,nas-cg,makea_6,0.544776,O3
cake2,3,nas-cg,main_3,0.562168,O3
cake2,3,nas-cg,conj_grad_7,0.571076,O3
cake2,3,nas-cg,init_mem_0,0.486542,O3
cake2,3,nas-cg,main_2,0.472865,O3
cake2,3,nas-cg,main_4,0.553299,O3
cake2,3,nas-cg,makea_5,0.583752,O3
cake2,3,nas-cg,conj_grad_5,2.548417,O3
cake2,3,nas-cg,makea_4,0.532527,O3
cake2,3,nas-cg,conj_grad_4,2.634406,O3
cake2,3,nas-cg,makea_7,0.502706,O3
cake2,3,nas-cg,makea_3,0.958765,O3
cake2,3,nas-cg,main_1,0.47136,O3
cake2,3,nas-cg,conj_grad_2,3.62811800000001,O3
cake2,3,nas-cg,init_mem_1,0.538249,O3
cake2,4,nas-cg,conj_grad_6,0.606944,O3
cake2,4,nas-cg,main_0,0.484733,O3
cake2,4,nas-cg,makea_1,0.57121,O3
cake2,4,nas-cg,conj_grad_1,0.55007,O3
cake2,4,nas-cg,conj_grad_0,0.555964,O3
cake2,4,nas-cg,makea_2,0.522151,O3
cake2,4,nas-cg,conj_grad_3,2.700676,O3
cake2,4,nas-cg,makea_0,0.879464,O3
cake2,4,nas-cg,makea_6,0.566434,O3
cake2,4,nas-cg,main_3,0.59228,O3
cake2,4,nas-cg,conj_grad_7,0.569151,O3
cake2,4,nas-cg,init_mem_0,0.472345,O3
cake2,4,nas-cg,main_2,0.478568,O3
cake2,4,nas-cg,main_4,0.55563,O3
cake2,4,nas-cg,makea_5,0.540335,O3
cake2,4,nas-cg,conj_grad_5,2.528028,O3
cake2,4,nas-cg,makea_4,0.536026,O3
cake2,4,nas-cg,conj_grad_4,2.590958,O3
cake2,4,nas-cg,makea_7,0.487561,O3
cake2,4,nas-cg,makea_3,0.932323,O3
cake2,4,nas-cg,main_1,0.500003,O3
cake2,4,nas-cg,conj_grad_2,3.702021,O3
cake2,4,nas-cg,init_mem_1,0.519084,O3
cake2,0,nv-bs,BlackScholes,3.260782,O3
cake2,1,nv-bs,BlackScholes,3.456485,O3
cake2,2,nv-bs,BlackScholes,3.24844,O3
cake2,3,nv-bs,BlackScholes,3.430971,O3
cake2,4,nv-bs,BlackScholes,3.321734,O3
cake2,0,nv-dct,DCT8x8,2.642486,O3
cake2,1,nv-dct,DCT8x8,2.672105,O3
cake2,2,nv-dct,DCT8x8,2.608066,O3
cake2,3,nv-dct,DCT8x8,2.679198,O3
cake2,4,nv-dct,DCT8x8,2.712286,O3
cake2,0,particlefilter,find_index_kernel,2.271486,O3
cake2,0,particlefilter,normalize_weights_kernel,1.096975,O3
cake2,0,particlefilter,likelihood_kernel,4.146304,O3
cake2,0,particlefilter,sum_kernel,0.868547,O3
cake2,1,particlefilter,find_index_kernel,2.216237,O3
cake2,1,particlefilter,normalize_weights_kernel,1.103729,O3
cake2,1,particlefilter,likelihood_kernel,4.005685,O3
cake2,1,particlefilter,sum_kernel,0.796601,O3
cake2,2,particlefilter,find_index_kernel,2.259194,O3
cake2,2,particlefilter,normalize_weights_kernel,1.155834,O3
cake2,2,particlefilter,likelihood_kernel,4.178653,O3
cake2,2,particlefilter,sum_kernel,0.907028,O3
cake2,3,particlefilter,find_index_kernel,2.231731,O3
cake2,3,particlefilter,normalize_weights_kernel,1.127978,O3
cake2,3,particlefilter,likelihood_kernel,4.173107,O3
cake2,3,particlefilter,sum_kernel,0.877975,O3
cake2,4,particlefilter,find_index_kernel,2.395801,O3
cake2,4,particlefilter,normalize_weights_kernel,1.093057,O3
cake2,4,particlefilter,likelihood_kernel,4.167052,O3
cake2,4,particlefilter,sum_kernel,0.858057,O3
cake3,0,blur,blur_ver,2.769587,default-spec
cake3,0,blur,blur_hor,2.46854,default-spec
cake3,1,blur,blur_ver,2.651483,default-spec
cake3,1,blur,blur_hor,2.435257,default-spec
cake3,2,blur,blur_ver,2.652511,default-spec
cake3,2,blur,blur_hor,2.57219,default-spec
cake3,3,blur,blur_ver,2.719486,default-spec
cake3,3,blur,blur_hor,2.41395,default-spec
cake3,4,blur,blur_ver,2.658814,default-spec
cake3,4,blur,blur_hor,2.424971,default-spec
cake3,0,mandelbrot,mandelGPU,11.175038,default-spec
cake3,1,mandelbrot,mandelGPU,11.041364,default-spec
cake3,2,mandelbrot,mandelGPU,11.217508,default-spec
cake3,3,mandelbrot,mandelGPU,11.01742,default-spec
cake3,4,mandelbrot,mandelGPU,10.821342,default-spec
cake3,0,mmul,fmma,8.293775,default-spec
cake3,1,mmul,fmma,8.745194,default-spec
cake3,2,mmul,fmma,8.301532,default-spec
cake3,3,mmul,fmma,8.81254,default-spec
cake3,4,mmul,fmma,8.716058,default-spec
cake3,0,nas-sp,initialize2,0.524618,default-spec
cake3,0,nas-sp,initialize3,0.453765,default-spec
cake3,0,nas-sp,exact_rhs5,0.515961,default-spec
cake3,0,nas-sp,exact_rhs2,0.656143,default-spec
cake3,0,nas-sp,exact_rhs1,0.513923,default-spec
cake3,0,nas-sp,compute_rhs1,0.744028,default-spec
cake3,0,nas-sp,exact_rhs4,0.655671,default-spec
cake3,0,nas-sp,initialize5,0.466653,default-spec
cake3,0,nas-sp,initialize4,0.465,default-spec
cake3,0,nas-sp,exact_rhs3,0.675605,default-spec
cake3,0,nas-sp,initialize1,0.449472,default-spec
cake3,1,nas-sp,initialize2,0.55024,default-spec
cake3,1,nas-sp,initialize3,0.441343,default-spec
cake3,1,nas-sp,exact_rhs5,0.518283,default-spec
cake3,1,nas-sp,exact_rhs2,0.663643,default-spec
cake3,1,nas-sp,exact_rhs1,0.485795,default-spec
cake3,1,nas-sp,compute_rhs1,0.793677,default-spec
cake3,1,nas-sp,exact_rhs4,0.828631,default-spec
cake3,1,nas-sp,initialize5,0.458541,default-spec
cake3,1,nas-sp,initialize4,0.442362,default-spec
cake3,1,nas-sp,exact_rhs3,0.703555,default-spec
cake3,1,nas-sp,initialize1,0.414622,default-spec
cake3,2,nas-sp,initialize2,0.610893,default-spec
cake3,2,nas-sp,initialize3,0.464104,default-spec
cake3,2,nas-sp,exact_rhs5,0.475482,default-spec
cake3,2,nas-sp,exact_rhs2,0.695548,default-spec
cake3,2,nas-sp,exact_rhs1,0.491873,default-spec
cake3,2,nas-sp,compute_rhs1,0.74869,default-spec
cake3,2,nas-sp,exact_rhs4,0.657859,default-spec
cake3,2,nas-sp,initialize5,0.458787,default-spec
cake3,2,nas-sp,initialize4,0.474164,default-spec
cake3,2,nas-sp,exact_rhs3,0.662355,default-spec
cake3,2,nas-sp,initialize1,0.465289,default-spec
cake3,3,nas-sp,initialize2,0.574514,default-spec
cake3,3,nas-sp,initialize3,0.474889,default-spec
cake3,3,nas-sp,exact_rhs5,0.524692,default-spec
cake3,3,nas-sp,exact_rhs2,0.692253,default-spec
cake3,3,nas-sp,exact_rhs1,0.479192,default-spec
cake3,3,nas-sp,compute_rhs1,0.75582,default-spec
cake3,3,nas-sp,exact_rhs4,0.646102,default-spec
cake3,3,nas-sp,initialize5,0.447365,default-spec
cake3,3,nas-sp,initialize4,0.457608,default-spec
cake3,3,nas-sp,exact_rhs3,0.666667,default-spec
cake3,3,nas-sp,initialize1,0.460891,default-spec
cake3,4,nas-sp,compute_rhs4,0.879993,default-spec
cake3,4,nas-sp,compute_rhs5,0.96976,default-spec
cake3,4,nas-sp,initialize2,0.571212,default-spec
cake3,4,nas-sp,compute_rhs2,0.713367,default-spec
cake3,4,nas-sp,initialize3,0.449507,default-spec
cake3,4,nas-sp,exact_rhs5,0.509662,default-spec
cake3,4,nas-sp,exact_rhs2,0.692553,default-spec
cake3,4,nas-sp,compute_rhs3,0.921675,default-spec
cake3,4,nas-sp,exact_rhs1,0.506974,default-spec
cake3,4,nas-sp,compute_rhs1,0.782898,default-spec
cake3,4,nas-sp,exact_rhs4,0.639707,default-spec
cake3,4,nas-sp,initialize5,0.461372,default-spec
cake3,4,nas-sp,initialize4,0.497437,default-spec
cake3,4,nas-sp,exact_rhs3,0.685288,default-spec
cake3,4,nas-sp,initialize1,0.419444,default-spec
cake3,0,nas-cg,conj_grad_6,0.713457,default-spec
cake3,0,nas-cg,main_0,0.507462,default-spec
cake3,0,nas-cg,makea_1,0.574876,default-spec
cake3,0,nas-cg,conj_grad_1,0.597291,default-spec
cake3,0,nas-cg,conj_grad_0,0.628507,default-spec
cake3,0,nas-cg,makea_2,0.542918,default-spec
cake3,0,nas-cg,conj_grad_3,3.654921,default-spec
cake3,0,nas-cg,makea_0,0.737918,default-spec
cake3,0,nas-cg,makea_6,0.57975,default-spec
cake3,0,nas-cg,main_3,0.602822,default-spec
cake3,0,nas-cg,conj_grad_7,0.628525,default-spec
cake3,0,nas-cg,init_mem_0,1.012698,default-spec
cake3,0,nas-cg,main_2,0.51965,default-spec
cake3,0,nas-cg,main_4,0.640597,default-spec
cake3,0,nas-cg,makea_5,0.520926,default-spec
cake3,0,nas-cg,conj_grad_5,3.473346,default-spec
cake3,0,nas-cg,makea_4,0.604157,default-spec
cake3,0,nas-cg,conj_grad_4,3.662702,default-spec
cake3,0,nas-cg,makea_7,0.516357,default-spec
cake3,0,nas-cg,makea_3,0.767843,default-spec
cake3,0,nas-cg,main_1,0.55409,default-spec
cake3,0,nas-cg,conj_grad_2,4.78780599999999,default-spec
cake3,0,nas-cg,init_mem_1,1.090834,default-spec
cake3,1,nas-cg,conj_grad_6,0.682841,default-spec
cake3,1,nas-cg,main_0,0.536954,default-spec
cake3,1,nas-cg,makea_1,0.582595,default-spec
cake3,1,nas-cg,conj_grad_1,0.655566,default-spec
cake3,1,nas-cg,conj_grad_0,0.627758,default-spec
cake3,1,nas-cg,makea_2,0.525795,default-spec
cake3,1,nas-cg,conj_grad_3,3.477089,default-spec
cake3,1,nas-cg,makea_0,0.71289,default-spec
cake3,1,nas-cg,makea_6,0.581199,default-spec
cake3,1,nas-cg,main_3,0.604128,default-spec
cake3,1,nas-cg,conj_grad_7,0.706715,default-spec
cake3,1,nas-cg,init_mem_0,1.003758,default-spec
cake3,1,nas-cg,main_2,0.55391,default-spec
cake3,1,nas-cg,main_4,0.620537,default-spec
cake3,1,nas-cg,makea_5,0.533797,default-spec
cake3,1,nas-cg,conj_grad_5,3.372785,default-spec
cake3,1,nas-cg,makea_4,0.58199,default-spec
cake3,1,nas-cg,conj_grad_4,3.313019,default-spec
cake3,1,nas-cg,makea_7,0.562692,default-spec
cake3,1,nas-cg,makea_3,0.779897,default-spec
cake3,1,nas-cg,main_1,0.522211,default-spec
cake3,1,nas-cg,conj_grad_2,4.533795,default-spec
cake3,1,nas-cg,init_mem_1,1.061591,default-spec
cake3,2,nas-cg,conj_grad_6,0.700665,default-spec
cake3,2,nas-cg,main_0,0.521564,default-spec
cake3,2,nas-cg,makea_1,0.572823,default-spec
cake3,2,nas-cg,conj_grad_1,0.607789,default-spec
cake3,2,nas-cg,conj_grad_0,0.61132,default-spec
cake3,2,nas-cg,makea_2,0.61617,default-spec
cake3,2,nas-cg,conj_grad_3,3.443736,default-spec
cake3,2,nas-cg,makea_0,0.771005,default-spec
cake3,2,nas-cg,makea_6,0.553874,default-spec
cake3,2,nas-cg,main_3,0.617986,default-spec
cake3,2,nas-cg,conj_grad_7,0.640702,default-spec
cake3,2,nas-cg,init_mem_0,0.971431,default-spec
cake3,2,nas-cg,main_2,0.529857,default-spec
cake3,2,nas-cg,main_4,0.81624,default-spec
cake3,2,nas-cg,makea_5,0.533477,default-spec
cake3,2,nas-cg,conj_grad_5,3.180628,default-spec
cake3,2,nas-cg,makea_4,0.600215,default-spec
cake3,2,nas-cg,conj_grad_4,3.362818,default-spec
cake3,2,nas-cg,makea_7,0.571064,default-spec
cake3,2,nas-cg,makea_3,0.862837,default-spec
cake3,2,nas-cg,main_1,0.560058,default-spec
cake3,2,nas-cg,conj_grad_2,4.383071,default-spec
cake3,2,nas-cg,init_mem_1,1.109678,default-spec
cake3,3,nas-cg,conj_grad_6,0.678474,default-spec
cake3,3,nas-cg,main_0,0.519897,default-spec
cake3,3,nas-cg,makea_1,0.58497,default-spec
cake3,3,nas-cg,conj_grad_1,0.631149,default-spec
cake3,3,nas-cg,conj_grad_0,0.652542,default-spec
cake3,3,nas-cg,makea_2,0.606691,default-spec
cake3,3,nas-cg,conj_grad_3,3.572283,default-spec
cake3,3,nas-cg,makea_0,0.748985,default-spec
cake3,3,nas-cg,makea_6,0.562012,default-spec
cake3,3,nas-cg,main_3,0.642663,default-spec
cake3,3,nas-cg,conj_grad_7,0.637417,default-spec
cake3,3,nas-cg,init_mem_0,0.993653,default-spec
cake3,3,nas-cg,main_2,0.49452,default-spec
cake3,3,nas-cg,main_4,0.735181,default-spec
cake3,3,nas-cg,makea_5,0.519142,default-spec
cake3,3,nas-cg,conj_grad_5,3.241786,default-spec
cake3,3,nas-cg,makea_4,0.575711,default-spec
cake3,3,nas-cg,conj_grad_4,3.42408,default-spec
cake3,3,nas-cg,makea_7,0.572323,default-spec
cake3,3,nas-cg,makea_3,0.796428,default-spec
cake3,3,nas-cg,main_1,0.566294,default-spec
cake3,3,nas-cg,conj_grad_2,4.432877,default-spec
cake3,3,nas-cg,init_mem_1,1.055056,default-spec
cake3,4,nas-cg,conj_grad_6,0.680902,default-spec
cake3,4,nas-cg,main_0,0.522901,default-spec
cake3,4,nas-cg,makea_1,0.580439,default-spec
cake3,4,nas-cg,conj_grad_1,0.625019,default-spec
cake3,4,nas-cg,conj_grad_0,0.644934,default-spec
cake3,4,nas-cg,makea_2,0.523264,default-spec
cake3,4,nas-cg,conj_grad_3,3.699342,default-spec
cake3,4,nas-cg,makea_0,0.766177,default-spec
cake3,4,nas-cg,makea_6,0.544296,default-spec
cake3,4,nas-cg,main_3,0.63911,default-spec
cake3,4,nas-cg,conj_grad_7,0.620781,default-spec
cake3,4,nas-cg,init_mem_0,1.01324,default-spec
cake3,4,nas-cg,main_2,0.482828,default-spec
cake3,4,nas-cg,main_4,0.613309,default-spec
cake3,4,nas-cg,makea_5,0.514611,default-spec
cake3,4,nas-cg,conj_grad_5,3.589131,default-spec
cake3,4,nas-cg,makea_4,0.555879,default-spec
cake3,4,nas-cg,conj_grad_4,3.403098,default-spec
cake3,4,nas-cg,makea_7,0.521723,default-spec
cake3,4,nas-cg,makea_3,0.838964,default-spec
cake3,4,nas-cg,main_1,0.530532,default-spec
cake3,4,nas-cg,conj_grad_2,4.548067,default-spec
cake3,4,nas-cg,init_mem_1,1.058645,default-spec
cake3,0,nv-bs,BlackScholes,3.377466,default-spec
cake3,1,nv-bs,BlackScholes,3.437886,default-spec
cake3,2,nv-bs,BlackScholes,3.520741,default-spec
cake3,3,nv-bs,BlackScholes,3.385438,default-spec
cake3,4,nv-bs,BlackScholes,3.274202,default-spec
cake3,0,nv-dct,DCT8x8,2.498029,default-spec
cake3,1,nv-dct,DCT8x8,2.546634,default-spec
cake3,2,nv-dct,DCT8x8,2.614955,default-spec
cake3,3,nv-dct,DCT8x8,2.676429,default-spec
cake3,4,nv-dct,DCT8x8,2.647667,default-spec
cake3,0,particlefilter,find_index_kernel,2.309799,default-spec
cake3,0,particlefilter,normalize_weights_kernel,1.199789,default-spec
cake3,0,particlefilter,likelihood_kernel,4.440798,default-spec
cake3,0,particlefilter,sum_kernel,0.878652,default-spec
cake3,1,particlefilter,find_index_kernel,2.300766,default-spec
cake3,1,particlefilter,normalize_weights_kernel,1.153209,default-spec
cake3,1,particlefilter,likelihood_kernel,4.440411,default-spec
cake3,1,particlefilter,sum_kernel,0.84007,default-spec
cake3,2,particlefilter,find_index_kernel,2.472795,default-spec
cake3,2,particlefilter,normalize_weights_kernel,1.163515,default-spec
cake3,2,particlefilter,likelihood_kernel,4.446771,default-spec
cake3,2,particlefilter,sum_kernel,0.864799,default-spec
cake3,3,particlefilter,find_index_kernel,2.374644,default-spec
cake3,3,particlefilter,normalize_weights_kernel,1.206634,default-spec
cake3,3,particlefilter,likelihood_kernel,4.47474,default-spec
cake3,3,particlefilter,sum_kernel,0.901351,default-spec
cake3,4,particlefilter,find_index_kernel,2.288487,default-spec
cake3,4,particlefilter,normalize_weights_kernel,1.134978,default-spec
cake3,4,particlefilter,likelihood_kernel,4.332387,default-spec
cake3,4,particlefilter,sum_kernel,0.893151,default-spec
cake4,0,blur,blur_ver,4.156604,unroll-spec
cake4,0,blur,blur_hor,4.066994,unroll-spec
cake4,1,blur,blur_ver,4.204664,unroll-spec
cake4,1,blur,blur_hor,3.79015,unroll-spec
cake4,2,blur,blur_ver,4.159423,unroll-spec
cake4,2,blur,blur_hor,3.855916,unroll-spec
cake4,3,blur,blur_ver,4.098768,unroll-spec
cake4,3,blur,blur_hor,4.046083,unroll-spec
cake4,4,blur,blur_ver,4.134686,unroll-spec
cake4,4,blur,blur_hor,4.031809,unroll-spec
cake4,0,mandelbrot,mandelGPU,11.260493,unroll-spec
cake4,1,mandelbrot,mandelGPU,10.804285,unroll-spec
cake4,2,mandelbrot,mandelGPU,11.286725,unroll-spec
cake4,3,mandelbrot,mandelGPU,10.849517,unroll-spec
cake4,4,mandelbrot,mandelGPU,10.911091,unroll-spec
cake4,0,mmul,fmma,3.787825,unroll-spec
cake4,1,mmul,fmma,3.905356,unroll-spec
cake4,2,mmul,fmma,3.866769,unroll-spec
cake4,3,mmul,fmma,3.903013,unroll-spec
cake4,4,mmul,fmma,3.952854,unroll-spec
cake4,0,nas-sp,initialize2,0.660959,unroll-spec
cake4,0,nas-sp,initialize3,0.500346,unroll-spec
cake4,0,nas-sp,exact_rhs5,0.554492,unroll-spec
cake4,0,nas-sp,exact_rhs2,0.770924,unroll-spec
cake4,0,nas-sp,exact_rhs1,0.482184,unroll-spec
cake4,0,nas-sp,compute_rhs1,0.809826,unroll-spec
cake4,0,nas-sp,exact_rhs4,0.744075,unroll-spec
cake4,0,nas-sp,initialize5,0.482614,unroll-spec
cake4,0,nas-sp,initialize4,0.566877,unroll-spec
cake4,0,nas-sp,exact_rhs3,0.731714,unroll-spec
cake4,0,nas-sp,initialize1,0.471326,unroll-spec
cake4,1,nas-sp,initialize2,0.790354,unroll-spec
cake4,1,nas-sp,initialize3,0.474387,unroll-spec
cake4,1,nas-sp,exact_rhs5,0.527756,unroll-spec
cake4,1,nas-sp,exact_rhs2,0.733573,unroll-spec
cake4,1,nas-sp,exact_rhs1,0.499931,unroll-spec
cake4,1,nas-sp,compute_rhs1,0.827785,unroll-spec
cake4,1,nas-sp,exact_rhs4,0.752287,unroll-spec
cake4,1,nas-sp,initialize5,0.476568,unroll-spec
cake4,1,nas-sp,initialize4,0.482848,unroll-spec
cake4,1,nas-sp,exact_rhs3,0.731695,unroll-spec
cake4,1,nas-sp,initialize1,0.450069,unroll-spec
cake4,2,nas-sp,initialize2,0.643458,unroll-spec
cake4,2,nas-sp,initialize3,0.476835,unroll-spec
cake4,2,nas-sp,exact_rhs5,0.528294,unroll-spec
cake4,2,nas-sp,exact_rhs2,0.761245,unroll-spec
cake4,2,nas-sp,exact_rhs1,0.577777,unroll-spec
cake4,2,nas-sp,compute_rhs1,0.811057,unroll-spec
cake4,2,nas-sp,exact_rhs4,0.727646,unroll-spec
cake4,2,nas-sp,initialize5,0.489523,unroll-spec
cake4,2,nas-sp,initialize4,0.493283,unroll-spec
cake4,2,nas-sp,exact_rhs3,0.706814,unroll-spec
cake4,2,nas-sp,initialize1,0.491751,unroll-spec
cake4,3,nas-sp,initialize2,0.65783,unroll-spec
cake4,3,nas-sp,initialize3,0.478915,unroll-spec
cake4,3,nas-sp,exact_rhs5,0.515199,unroll-spec
cake4,3,nas-sp,exact_rhs2,0.766272,unroll-spec
cake4,3,nas-sp,exact_rhs1,0.529335,unroll-spec
cake4,3,nas-sp,compute_rhs1,0.793457,unroll-spec
cake4,3,nas-sp,exact_rhs4,0.712171,unroll-spec
cake4,3,nas-sp,initialize5,0.488007,unroll-spec
cake4,3,nas-sp,initialize4,0.485302,unroll-spec
cake4,3,nas-sp,exact_rhs3,0.753816,unroll-spec
cake4,3,nas-sp,initialize1,0.461655,unroll-spec
cake4,4,nas-sp,compute_rhs4,0.978441,unroll-spec
cake4,4,nas-sp,compute_rhs5,1.047721,unroll-spec
cake4,4,nas-sp,initialize2,0.692909,unroll-spec
cake4,4,nas-sp,compute_rhs2,0.811972,unroll-spec
cake4,4,nas-sp,initialize3,0.492327,unroll-spec
cake4,4,nas-sp,exact_rhs5,0.553824,unroll-spec
cake4,4,nas-sp,exact_rhs2,0.744801,unroll-spec
cake4,4,nas-sp,compute_rhs3,0.98152,unroll-spec
cake4,4,nas-sp,exact_rhs1,0.49906,unroll-spec
cake4,4,nas-sp,compute_rhs1,0.826979,unroll-spec
cake4,4,nas-sp,exact_rhs4,0.765509,unroll-spec
cake4,4,nas-sp,initialize5,0.486377,unroll-spec
cake4,4,nas-sp,initialize4,0.487875,unroll-spec
cake4,4,nas-sp,exact_rhs3,0.731242,unroll-spec
cake4,4,nas-sp,initialize1,0.464042,unroll-spec
cake4,0,nas-cg,conj_grad_6,0.686852,unroll-spec
cake4,0,nas-cg,main_0,0.506357,unroll-spec
cake4,0,nas-cg,makea_1,0.608872,unroll-spec
cake4,0,nas-cg,conj_grad_1,0.782457,unroll-spec
cake4,0,nas-cg,conj_grad_0,0.600388,unroll-spec
cake4,0,nas-cg,makea_2,0.541542,unroll-spec
cake4,0,nas-cg,conj_grad_3,4.107682,unroll-spec
cake4,0,nas-cg,makea_0,0.766545,unroll-spec
cake4,0,nas-cg,makea_6,0.580178,unroll-spec
cake4,0,nas-cg,main_3,0.640515,unroll-spec
cake4,0,nas-cg,conj_grad_7,0.638466,unroll-spec
cake4,0,nas-cg,init_mem_0,0.963717,unroll-spec
cake4,0,nas-cg,main_2,0.507221,unroll-spec
cake4,0,nas-cg,main_4,0.638872,unroll-spec
cake4,0,nas-cg,makea_5,0.527446,unroll-spec
cake4,0,nas-cg,conj_grad_5,3.534087,unroll-spec
cake4,0,nas-cg,makea_4,0.563428,unroll-spec
cake4,0,nas-cg,conj_grad_4,3.889967,unroll-spec
cake4,0,nas-cg,makea_7,0.544558,unroll-spec
cake4,0,nas-cg,makea_3,0.881121,unroll-spec
cake4,0,nas-cg,main_1,0.554491,unroll-spec
cake4,0,nas-cg,conj_grad_2,4.620309,unroll-spec
cake4,0,nas-cg,init_mem_1,1.034415,unroll-spec
cake4,1,nas-cg,conj_grad_6,0.698576,unroll-spec
cake4,1,nas-cg,main_0,0.514816,unroll-spec
cake4,1,nas-cg,makea_1,0.570195,unroll-spec
cake4,1,nas-cg,conj_grad_1,0.629044,unroll-spec
cake4,1,nas-cg,conj_grad_0,0.639925,unroll-spec
cake4,1,nas-cg,makea_2,0.551213,unroll-spec
cake4,1,nas-cg,conj_grad_3,4.356493,unroll-spec
cake4,1,nas-cg,makea_0,0.756046,unroll-spec
cake4,1,nas-cg,makea_6,0.581898,unroll-spec
cake4,1,nas-cg,main_3,0.634363,unroll-spec
cake4,1,nas-cg,conj_grad_7,0.652395,unroll-spec
cake4,1,nas-cg,init_mem_0,1.005222,unroll-spec
cake4,1,nas-cg,main_2,0.524739,unroll-spec
cake4,1,nas-cg,main_4,0.61241,unroll-spec
cake4,1,nas-cg,makea_5,0.495077,unroll-spec
cake4,1,nas-cg,conj_grad_5,4.033636,unroll-spec
cake4,1,nas-cg,makea_4,0.546377,unroll-spec
cake4,1,nas-cg,conj_grad_4,4.297125,unroll-spec
cake4,1,nas-cg,makea_7,0.748317,unroll-spec
cake4,1,nas-cg,makea_3,0.933182,unroll-spec
cake4,1,nas-cg,main_1,0.520895,unroll-spec
cake4,1,nas-cg,conj_grad_2,5.24674500000001,unroll-spec
cake4,1,nas-cg,init_mem_1,1.053027,unroll-spec
cake4,2,nas-cg,conj_grad_6,0.704495,unroll-spec
cake4,2,nas-cg,main_0,0.523857,unroll-spec
cake4,2,nas-cg,makea_1,0.598066,unroll-spec
cake4,2,nas-cg,conj_grad_1,0.636932,unroll-spec
cake4,2,nas-cg,conj_grad_0,0.677403,unroll-spec
cake4,2,nas-cg,makea_2,0.567457,unroll-spec
cake4,2,nas-cg,conj_grad_3,3.630185,unroll-spec
cake4,2,nas-cg,makea_0,0.808749,unroll-spec
cake4,2,nas-cg,makea_6,0.589131,unroll-spec
cake4,2,nas-cg,main_3,0.638687,unroll-spec
cake4,2,nas-cg,conj_grad_7,0.640917,unroll-spec
cake4,2,nas-cg,init_mem_0,0.995131,unroll-spec
cake4,2,nas-cg,main_2,0.510408,unroll-spec
cake4,2,nas-cg,main_4,0.610722,unroll-spec
cake4,2,nas-cg,makea_5,0.537775,unroll-spec
cake4,2,nas-cg,conj_grad_5,3.24686200000001,unroll-spec
cake4,2,nas-cg,makea_4,0.576882,unroll-spec
cake4,2,nas-cg,conj_grad_4,3.459194,unroll-spec
cake4,2,nas-cg,makea_7,0.52189,unroll-spec
cake4,2,nas-cg,makea_3,0.881904,unroll-spec
cake4,2,nas-cg,main_1,0.538469,unroll-spec
cake4,2,nas-cg,conj_grad_2,4.432926,unroll-spec
cake4,2,nas-cg,init_mem_1,1.021344,unroll-spec
cake4,3,nas-cg,conj_grad_6,0.706033,unroll-spec
cake4,3,nas-cg,main_0,0.560195,unroll-spec
cake4,3,nas-cg,makea_1,0.614641,unroll-spec
cake4,3,nas-cg,conj_grad_1,0.615459,unroll-spec
cake4,3,nas-cg,conj_grad_0,0.642741,unroll-spec
cake4,3,nas-cg,makea_2,0.5785,unroll-spec
cake4,3,nas-cg,conj_grad_3,3.635791,unroll-spec
cake4,3,nas-cg,makea_0,0.784353,unroll-spec
cake4,3,nas-cg,makea_6,0.565262,unroll-spec
cake4,3,nas-cg,main_3,0.644277,unroll-spec
cake4,3,nas-cg,conj_grad_7,0.655091,unroll-spec
cake4,3,nas-cg,init_mem_0,0.971376,unroll-spec
cake4,3,nas-cg,main_2,0.587124,unroll-spec
cake4,3,nas-cg,main_4,0.622662,unroll-spec
cake4,3,nas-cg,makea_5,0.523933,unroll-spec
cake4,3,nas-cg,conj_grad_5,3.741664,unroll-spec
cake4,3,nas-cg,makea_4,0.582533,unroll-spec
cake4,3,nas-cg,conj_grad_4,3.594241,unroll-spec
cake4,3,nas-cg,makea_7,0.534347,unroll-spec
cake4,3,nas-cg,makea_3,0.920198,unroll-spec
cake4,3,nas-cg,main_1,0.595141,unroll-spec
cake4,3,nas-cg,conj_grad_2,4.466262,unroll-spec
cake4,3,nas-cg,init_mem_1,1.02695,unroll-spec
cake4,4,nas-cg,conj_grad_6,0.701638,unroll-spec
cake4,4,nas-cg,main_0,0.560658,unroll-spec
cake4,4,nas-cg,makea_1,0.621733,unroll-spec
cake4,4,nas-cg,conj_grad_1,0.569256,unroll-spec
cake4,4,nas-cg,conj_grad_0,0.686387,unroll-spec
cake4,4,nas-cg,makea_2,0.553862,unroll-spec
cake4,4,nas-cg,conj_grad_3,3.673233,unroll-spec
cake4,4,nas-cg,makea_0,0.759773,unroll-spec
cake4,4,nas-cg,makea_6,0.564647,unroll-spec
cake4,4,nas-cg,main_3,0.618882,unroll-spec
cake4,4,nas-cg,conj_grad_7,0.648052,unroll-spec
cake4,4,nas-cg,init_mem_0,1.027754,unroll-spec
cake4,4,nas-cg,main_2,0.519963,unroll-spec
cake4,4,nas-cg,main_4,0.675413,unroll-spec
cake4,4,nas-cg,makea_5,0.519088,unroll-spec
cake4,4,nas-cg,conj_grad_5,3.290571,unroll-spec
cake4,4,nas-cg,makea_4,0.602812,unroll-spec
cake4,4,nas-cg,conj_grad_4,3.438743,unroll-spec
cake4,4,nas-cg,makea_7,0.547041,unroll-spec
cake4,4,nas-cg,makea_3,0.945543,unroll-spec
cake4,4,nas-cg,main_1,0.534241,unroll-spec
cake4,4,nas-cg,conj_grad_2,4.42601600000001,unroll-spec
cake4,4,nas-cg,init_mem_1,1.071765,unroll-spec
cake4,0,nv-bs,BlackScholes,3.299404,unroll-spec
cake4,1,nv-bs,BlackScholes,3.414315,unroll-spec
cake4,2,nv-bs,BlackScholes,3.356199,unroll-spec
cake4,3,nv-bs,BlackScholes,3.43344,unroll-spec
cake4,4,nv-bs,BlackScholes,3.464946,unroll-spec
cake4,0,nv-dct,DCT8x8,1.997192,unroll-spec
cake4,1,nv-dct,DCT8x8,2.071861,unroll-spec
cake4,2,nv-dct,DCT8x8,1.99913,unroll-spec
cake4,3,nv-dct,DCT8x8,1.967094,unroll-spec
cake4,4,nv-dct,DCT8x8,2.047914,unroll-spec
cake4,0,particlefilter,find_index_kernel,2.417955,unroll-spec
cake4,0,particlefilter,normalize_weights_kernel,1.189977,unroll-spec
cake4,0,particlefilter,likelihood_kernel,4.254165,unroll-spec
cake4,0,particlefilter,sum_kernel,0.866289,unroll-spec
cake4,1,particlefilter,find_index_kernel,2.341057,unroll-spec
cake4,1,particlefilter,normalize_weights_kernel,1.147538,unroll-spec
cake4,1,particlefilter,likelihood_kernel,4.341451,unroll-spec
cake4,1,particlefilter,sum_kernel,0.88584,unroll-spec
cake4,2,particlefilter,find_index_kernel,2.438072,unroll-spec
cake4,2,particlefilter,normalize_weights_kernel,1.162743,unroll-spec
cake4,2,particlefilter,likelihood_kernel,4.246514,unroll-spec
cake4,2,particlefilter,sum_kernel,0.894182,unroll-spec
cake4,3,particlefilter,find_index_kernel,2.246565,unroll-spec
cake4,3,particlefilter,normalize_weights_kernel,1.17139,unroll-spec
cake4,3,particlefilter,likelihood_kernel,4.350845,unroll-spec
cake4,3,particlefilter,sum_kernel,0.889566,unroll-spec
cake4,4,particlefilter,find_index_kernel,2.391006,unroll-spec
cake4,4,particlefilter,normalize_weights_kernel,1.153427,unroll-spec
cake4,4,particlefilter,likelihood_kernel,4.142784,unroll-spec
cake4,4,particlefilter,sum_kernel,0.930368,unroll-spec
cake5,0,blur,blur_ver,4.153027,O3-spec
cake5,0,blur,blur_hor,4.03115,O3-spec
cake5,1,blur,blur_ver,4.086823,O3-spec
cake5,1,blur,blur_hor,3.832547,O3-spec
cake5,2,blur,blur_ver,4.158736,O3-spec
cake5,2,blur,blur_hor,3.936194,O3-spec
cake5,3,blur,blur_ver,4.261047,O3-spec
cake5,3,blur,blur_hor,4.009639,O3-spec
cake5,4,blur,blur_ver,4.18402,O3-spec
cake5,4,blur,blur_hor,3.906049,O3-spec
cake5,0,mandelbrot,mandelGPU,10.923426,O3-spec
cake5,1,mandelbrot,mandelGPU,11.01138,O3-spec
cake5,2,mandelbrot,mandelGPU,11.021852,O3-spec
cake5,3,mandelbrot,mandelGPU,11.049207,O3-spec
cake5,4,mandelbrot,mandelGPU,10.937981,O3-spec
cake5,0,mmul,fmma,9.790397,O3-spec
cake5,1,mmul,fmma,9.767675,O3-spec
cake5,2,mmul,fmma,9.822227,O3-spec
cake5,3,mmul,fmma,9.529037,O3-spec
cake5,4,mmul,fmma,9.415154,O3-spec
cake5,0,nas-sp,initialize2,0.721913,O3-spec
cake5,0,nas-sp,initialize3,0.52127,O3-spec
cake5,0,nas-sp,exact_rhs5,0.505759,O3-spec
cake5,0,nas-sp,exact_rhs2,0.862505,O3-spec
cake5,0,nas-sp,exact_rhs1,0.528542,O3-spec
cake5,0,nas-sp,compute_rhs1,0.793263,O3-spec
cake5,0,nas-sp,exact_rhs4,0.831676,O3-spec
cake5,0,nas-sp,initialize5,0.516453,O3-spec
cake5,0,nas-sp,initialize4,0.519621,O3-spec
cake5,0,nas-sp,exact_rhs3,0.837935,O3-spec
cake5,0,nas-sp,initialize1,0.45975,O3-spec
cake5,1,nas-sp,initialize2,0.682696,O3-spec
cake5,1,nas-sp,initialize3,0.525841,O3-spec
cake5,1,nas-sp,exact_rhs5,0.530473,O3-spec
cake5,1,nas-sp,exact_rhs2,0.826134,O3-spec
cake5,1,nas-sp,exact_rhs1,0.536755,O3-spec
cake5,1,nas-sp,compute_rhs1,0.801166,O3-spec
cake5,1,nas-sp,exact_rhs4,0.831308,O3-spec
cake5,1,nas-sp,initialize5,0.510739,O3-spec
cake5,1,nas-sp,initialize4,0.501619,O3-spec
cake5,1,nas-sp,exact_rhs3,0.842829,O3-spec
cake5,1,nas-sp,initialize1,0.476207,O3-spec
cake5,2,nas-sp,initialize2,0.703054,O3-spec
cake5,2,nas-sp,initialize3,0.516073,O3-spec
cake5,2,nas-sp,exact_rhs5,0.659481,O3-spec
cake5,2,nas-sp,exact_rhs2,0.811376,O3-spec
cake5,2,nas-sp,exact_rhs1,0.504645,O3-spec
cake5,2,nas-sp,compute_rhs1,0.827062,O3-spec
cake5,2,nas-sp,exact_rhs4,0.838411,O3-spec
cake5,2,nas-sp,initialize5,0.52613,O3-spec
cake5,2,nas-sp,initialize4,0.522495,O3-spec
cake5,2,nas-sp,exact_rhs3,0.868844,O3-spec
cake5,2,nas-sp,initialize1,0.464951,O3-spec
cake5,3,nas-sp,initialize2,0.71978,O3-spec
cake5,3,nas-sp,initialize3,0.515855,O3-spec
cake5,3,nas-sp,exact_rhs5,0.538102,O3-spec
cake5,3,nas-sp,exact_rhs2,0.838967,O3-spec
cake5,3,nas-sp,exact_rhs1,0.503387,O3-spec
cake5,3,nas-sp,compute_rhs1,0.81693,O3-spec
cake5,3,nas-sp,exact_rhs4,0.829604,O3-spec
cake5,3,nas-sp,initialize5,0.525871,O3-spec
cake5,3,nas-sp,initialize4,0.502247,O3-spec
cake5,3,nas-sp,exact_rhs3,0.826497,O3-spec
cake5,3,nas-sp,initialize1,0.474843,O3-spec
cake5,4,nas-sp,initialize2,0.670856,O3-spec
cake5,4,nas-sp,initialize3,0.525503,O3-spec
cake5,4,nas-sp,exact_rhs5,0.529037,O3-spec
cake5,4,nas-sp,exact_rhs2,0.851546,O3-spec
cake5,4,nas-sp,exact_rhs1,0.530695,O3-spec
cake5,4,nas-sp,compute_rhs1,0.814743,O3-spec
cake5,4,nas-sp,exact_rhs4,0.865615,O3-spec
cake5,4,nas-sp,initialize5,0.513401,O3-spec
cake5,4,nas-sp,initialize4,0.535839,O3-spec
cake5,4,nas-sp,exact_rhs3,0.827457,O3-spec
cake5,4,nas-sp,initialize1,0.442802,O3-spec
cake5,0,nas-cg,conj_grad_6,0.676446,O3-spec
cake5,0,nas-cg,main_0,0.543064,O3-spec
cake5,0,nas-cg,makea_1,0.659453,O3-spec
cake5,0,nas-cg,conj_grad_1,0.599434,O3-spec
cake5,0,nas-cg,conj_grad_0,0.642417,O3-spec
cake5,0,nas-cg,makea_2,0.564965,O3-spec
cake5,0,nas-cg,conj_grad_3,3.662068,O3-spec
cake5,0,nas-cg,makea_0,0.880668,O3-spec
cake5,0,nas-cg,makea_6,0.601383,O3-spec
cake5,0,nas-cg,main_3,0.641228,O3-spec
cake5,0,nas-cg,conj_grad_7,0.648063,O3-spec
cake5,0,nas-cg,init_mem_0,1.044224,O3-spec
cake5,0,nas-cg,main_2,0.530719,O3-spec
cake5,0,nas-cg,main_4,0.65445,O3-spec
cake5,0,nas-cg,makea_5,0.550449,O3-spec
cake5,0,nas-cg,conj_grad_5,3.308482,O3-spec
cake5,0,nas-cg,makea_4,0.62482,O3-spec
cake5,0,nas-cg,conj_grad_4,3.43311,O3-spec
cake5,0,nas-cg,makea_7,0.535503,O3-spec
cake5,0,nas-cg,makea_3,0.99695,O3-spec
cake5,0,nas-cg,main_1,0.546553,O3-spec
cake5,0,nas-cg,conj_grad_2,4.53033,O3-spec
cake5,0,nas-cg,init_mem_1,1.061086,O3-spec
cake5,1,nas-cg,conj_grad_6,0.725239,O3-spec
cake5,1,nas-cg,main_0,0.527451,O3-spec
cake5,1,nas-cg,makea_1,0.740818,O3-spec
cake5,1,nas-cg,conj_grad_1,0.615182,O3-spec
cake5,1,nas-cg,conj_grad_0,0.656779,O3-spec
cake5,1,nas-cg,makea_2,0.596466,O3-spec
cake5,1,nas-cg,conj_grad_3,3.604207,O3-spec
cake5,1,nas-cg,makea_0,0.841932,O3-spec
cake5,1,nas-cg,makea_6,0.595004,O3-spec
cake5,1,nas-cg,main_3,0.663288,O3-spec
cake5,1,nas-cg,conj_grad_7,0.644843,O3-spec
cake5,1,nas-cg,init_mem_0,0.994199,O3-spec
cake5,1,nas-cg,main_2,0.592837,O3-spec
cake5,1,nas-cg,main_4,0.63586,O3-spec
cake5,1,nas-cg,makea_5,0.579136,O3-spec
cake5,1,nas-cg,conj_grad_5,3.296158,O3-spec
cake5,1,nas-cg,makea_4,0.628605,O3-spec
cake5,1,nas-cg,conj_grad_4,3.465992,O3-spec
cake5,1,nas-cg,makea_7,0.547875,O3-spec
cake5,1,nas-cg,makea_3,0.994941,O3-spec
cake5,1,nas-cg,main_1,0.560968,O3-spec
cake5,1,nas-cg,conj_grad_2,4.39699,O3-spec
cake5,1,nas-cg,init_mem_1,1.099566,O3-spec
cake5,2,nas-cg,conj_grad_6,0.706295,O3-spec
cake5,2,nas-cg,main_0,0.553911,O3-spec
cake5,2,nas-cg,makea_1,0.653733,O3-spec
cake5,2,nas-cg,conj_grad_1,0.60688,O3-spec
cake5,2,nas-cg,conj_grad_0,0.655897,O3-spec
cake5,2,nas-cg,makea_2,0.576483,O3-spec
cake5,2,nas-cg,conj_grad_3,3.61825,O3-spec
cake5,2,nas-cg,makea_0,0.860766,O3-spec
cake5,2,nas-cg,makea_6,0.567454,O3-spec
cake5,2,nas-cg,main_3,0.63053,O3-spec
cake5,2,nas-cg,conj_grad_7,0.637647,O3-spec
cake5,2,nas-cg,init_mem_0,0.958867,O3-spec
cake5,2,nas-cg,main_2,0.535351,O3-spec
cake5,2,nas-cg,main_4,0.635843,O3-spec
cake5,2,nas-cg,makea_5,0.545691,O3-spec
cake5,2,nas-cg,conj_grad_5,3.313117,O3-spec
cake5,2,nas-cg,makea_4,0.602091,O3-spec
cake5,2,nas-cg,conj_grad_4,3.408013,O3-spec
cake5,2,nas-cg,makea_7,0.52357,O3-spec
cake5,2,nas-cg,makea_3,0.952487,O3-spec
cake5,2,nas-cg,main_1,0.553523,O3-spec
cake5,2,nas-cg,conj_grad_2,4.519177,O3-spec
cake5,2,nas-cg,init_mem_1,1.022046,O3-spec
cake5,3,nas-cg,conj_grad_6,0.700334,O3-spec
cake5,3,nas-cg,main_0,0.567943,O3-spec
cake5,3,nas-cg,makea_1,0.578722,O3-spec
cake5,3,nas-cg,conj_grad_1,0.642506,O3-spec
cake5,3,nas-cg,conj_grad_0,0.618923,O3-spec
cake5,3,nas-cg,makea_2,0.702785,O3-spec
cake5,3,nas-cg,conj_grad_3,3.566887,O3-spec
cake5,3,nas-cg,makea_0,0.842582,O3-spec
cake5,3,nas-cg,makea_6,0.613635,O3-spec
cake5,3,nas-cg,main_3,0.650418,O3-spec
cake5,3,nas-cg,conj_grad_7,0.635512,O3-spec
cake5,3,nas-cg,init_mem_0,1.024508,O3-spec
cake5,3,nas-cg,main_2,0.52458,O3-spec
cake5,3,nas-cg,main_4,0.628752,O3-spec
cake5,3,nas-cg,makea_5,0.563582,O3-spec
cake5,3,nas-cg,conj_grad_5,3.284377,O3-spec
cake5,3,nas-cg,makea_4,0.626813,O3-spec
cake5,3,nas-cg,conj_grad_4,3.352443,O3-spec
cake5,3,nas-cg,makea_7,0.559019,O3-spec
cake5,3,nas-cg,makea_3,1.009597,O3-spec
cake5,3,nas-cg,main_1,0.537011,O3-spec
cake5,3,nas-cg,conj_grad_2,4.410757,O3-spec
cake5,3,nas-cg,init_mem_1,1.061233,O3-spec
cake5,4,nas-cg,conj_grad_6,0.747693,O3-spec
cake5,4,nas-cg,main_0,0.559847,O3-spec
cake5,4,nas-cg,makea_1,0.610217,O3-spec
cake5,4,nas-cg,conj_grad_1,0.626175,O3-spec
cake5,4,nas-cg,conj_grad_0,0.601421,O3-spec
cake5,4,nas-cg,makea_2,0.533316,O3-spec
cake5,4,nas-cg,conj_grad_3,3.589243,O3-spec
cake5,4,nas-cg,makea_0,0.878624,O3-spec
cake5,4,nas-cg,makea_6,0.610929,O3-spec
cake5,4,nas-cg,main_3,0.657525,O3-spec
cake5,4,nas-cg,conj_grad_7,0.869446,O3-spec
cake5,4,nas-cg,init_mem_0,1.005795,O3-spec
cake5,4,nas-cg,main_2,0.51923,O3-spec
cake5,4,nas-cg,main_4,0.632973,O3-spec
cake5,4,nas-cg,makea_5,0.552672,O3-spec
cake5,4,nas-cg,conj_grad_5,3.293768,O3-spec
cake5,4,nas-cg,makea_4,0.615304,O3-spec
cake5,4,nas-cg,conj_grad_4,3.40191,O3-spec
cake5,4,nas-cg,makea_7,0.549404,O3-spec
cake5,4,nas-cg,makea_3,0.998902,O3-spec
cake5,4,nas-cg,main_1,0.527358,O3-spec
cake5,4,nas-cg,conj_grad_2,4.39635099999999,O3-spec
cake5,4,nas-cg,init_mem_1,1.106937,O3-spec
cake5,0,nv-bs,BlackScholes,3.651459,O3-spec
cake5,1,nv-bs,BlackScholes,3.60748,O3-spec
cake5,2,nv-bs,BlackScholes,3.588084,O3-spec
cake5,3,nv-bs,BlackScholes,3.476998,O3-spec
cake5,4,nv-bs,BlackScholes,3.476331,O3-spec
cake5,0,nv-dct,DCT8x8,1.91755,O3-spec
cake5,1,nv-dct,DCT8x8,2.022734,O3-spec
cake5,2,nv-dct,DCT8x8,1.912625,O3-spec
cake5,3,nv-dct,DCT8x8,1.914509,O3-spec
cake5,4,nv-dct,DCT8x8,1.968761,O3-spec
cake5,0,particlefilter,find_index_kernel,2.403867,O3-spec
cake5,0,particlefilter,normalize_weights_kernel,1.167516,O3-spec
cake5,0,particlefilter,likelihood_kernel,4.369659,O3-spec
cake5,0,particlefilter,sum_kernel,0.924605,O3-spec
cake5,1,particlefilter,find_index_kernel,2.387705,O3-spec
cake5,1,particlefilter,normalize_weights_kernel,1.301123,O3-spec
cake5,1,particlefilter,likelihood_kernel,4.303345,O3-spec
cake5,1,particlefilter,sum_kernel,0.94761,O3-spec
cake5,2,particlefilter,find_index_kernel,2.298504,O3-spec
cake5,2,particlefilter,normalize_weights_kernel,1.159976,O3-spec
cake5,2,particlefilter,likelihood_kernel,4.298112,O3-spec
cake5,2,particlefilter,sum_kernel,0.911191,O3-spec
cake5,3,particlefilter,find_index_kernel,2.432638,O3-spec
cake5,3,particlefilter,normalize_weights_kernel,1.185032,O3-spec
cake5,3,particlefilter,likelihood_kernel,4.198396,O3-spec
cake5,3,particlefilter,sum_kernel,0.896072,O3-spec
cake5,4,particlefilter,find_index_kernel,2.312306,O3-spec
cake5,4,particlefilter,normalize_weights_kernel,1.190834,O3-spec
cake5,4,particlefilter,likelihood_kernel,4.099746,O3-spec
cake5,4,particlefilter,sum_kernel,0.879898,O3-spec
